,Title,Published_date,Views,Likes,Dislikes,Comments,Month
0,Reprogram YOUR MIND for SUCCESS in 21 Days ! What to Say When You Talk to Yourself! | Yebook,15-10-2023,194318,13689,0,1105,Oct
1,MIDDLE Class MONEY TRAP To Financial FREEDOM | How To Get Out Of Middle Class Trap? | Yebook,14-10-2023,95069,7669,0,919,Oct
2,‡§™‡§æ‡§®‡•Ä ‡§™‡•Ä‡§®‡•á ‡§ï‡§æ ‡§∏‡§π‡•Ä ‡§§‡§∞‡•Ä‡§ï‡§æ | 21 ‡§¶‡§ø‡§® ‡§á‡§∏ ‡§§‡§∞‡§π ‡§™‡§æ‡§®‡•Ä ‡§™‡§ø‡§Ø‡•ã ‡§∂‡§∞‡•Ä‡§∞ ‡§Æ‡•á‡§Ç ‡§ú‡•ã ‡§π‡•ã‡§ó‡§æ ‡§π‡•à‡§∞‡§æ‡§® ‡§∞‡§π ‡§ú‡§æ‡§ì‡§ó‡•á How to Drink Water,09-10-2023,360973,13103,0,1329,Oct
3,‡§ó‡•Å‡§ú‡§∞‡§æ‡§§‡•Ä ‡§ï‡•Ä ‡§∏‡§´‡§≤‡§§‡§æ ‡§ï‡•á ‡§∞‡§π‡§∏‡•ç‡§Ø | Secrets of Gujrati Success | The Dhandho Investor Book Summary,01-10-2023,122736,6915,0,748,Oct
4,‡§Ö‡§™‡§®‡§æ Start-up ‡§ï‡§∞‡§®‡•á ‡§∏‡•á ‡§™‡§π‡§≤‡•á ‡§Ø‡•á ‡§ú‡§∞‡•Ç‡§∞ ‡§¶‡•á‡§ñ ‡§≤‡•á‡§®‡§æ | The Dark Side of Startups by Arvind Arora | Yebook,24-09-2023,102922,6109,0,410,Sep
5,‡§∏‡§∏‡•ç‡§§‡§æ Dopamine ‡§Ü‡§™‡§ï‡•ã ‡§Æ‡§æ‡§∞ ‡§∞‡§π‡§æ ‡§π‡•à | Cheap Dopamine : The Modern Day Devil is Ruining Your Life | Yebook,22-09-2023,107846,10325,0,1380,Sep
6,8 Neurobics Exercises For Increasing Brain Power | How To Increase Brain Power | How To Maximize Mem,18-09-2023,1093129,69788,0,9214,Sep
7,UNBELIEVABLE Story of David Goggins | How to Become UNSTOPPABLE | Can't Hurt Me Book Summary | Yeboo,15-09-2023,194933,13440,0,1456,Sep
8,6 Mind Traps : The Ultimate Guide to Your Most Common Thinking Errors | Mental Models and Fallacies,04-09-2023,189440,13181,0,1757,Sep
9,‡§Ö‡§ó‡§∞ ‡§§‡•Å‡§Æ ADDICTION ‡§õ‡•ã‡•ú ‡§®‡§π‡•Ä‡§Ç ‡§∏‡§ï‡§§‡•á ‡§§‡•ã ‡§á‡§∏‡•á ‡§¶‡•á‡§ñ‡•ã | How to Change Your Life in 21 Days Challenge|Lifestyle,31-08-2023,217154,13432,0,2640,Aug
10,Ladkiya Iss Ko Na Dekhen!! Please üôèüîû | Why High Value Men Ignores Women | Yebook,26-08-2023,327229,24238,0,5437,Aug
11,Why MBA Chai Wala Failed? üî• Case Study | Failed Business Model | Prafull Billore | Yebook,20-08-2023,718905,18460,0,1103,Aug
12,"‡§Ü‡§™‡§ï‡§æ ‡§∂‡§∞‡•Ä‡§∞ ‡§ñ‡§æ ‡§≤‡•á‡§ó‡§æ ‡§π‡§∞ ‡§¨‡•Ä‡§Æ‡§æ‡§∞‡•Ä ‡§ï‡•ã | Healing Miracle | Activate ""Self Eating Cell"" | Yebook",12-08-2023,828244,34328,0,1493,Aug
13,14 Mind Traps : The Ultimate Guide to Your Most Common Thinking Errors | Mental Models and Fallacies,10-08-2023,1052998,44807,0,2345,Aug
14,‡§¶‡§ø‡§Æ‡§æ‡§ó ‡§ï‡•Ä ‡§ß‡•Å‡§≤‡§æ‡§à | 21 Days Challenge (Your Brain Will Change) | Motivational Video,05-08-2023,246092,14228,0,1587,Aug
15,‡§ñ‡•Å‡§¶ ‡§ï‡§æ Best version ‡§¨‡§®‡•á‡§Ç | Self development and the way to Power book summary in Hindi | #audiobook,30-07-2023,144316,9563,0,1174,Jul
16,‡§≤‡•ã‡§® ‡§≤‡•á‡§ï‡§∞ ‡§Ö‡§Æ‡•Ä‡§∞ ‡§ê‡§∏‡•á ‡§¨‡§®‡•ã | ‡§Æ‡•ã‡§ü‡•Ä ‡§ï‡§Æ‡§æ‡§à | Powerful Motivational Video Ever üî•üî•üî• | Robert Kiyosaki,28-07-2023,1021549,38572,0,1078,Jul
17,‡§∏‡•ç‡§Æ‡§æ‡§∞‡•ç‡§ü ‡§ï‡•à‡§∏‡•á ‡§¨‡§®‡•á | Bholapan Kaise Dur Kare| ‡§≠‡•ã‡§≤‡§æ‡§™‡§® ‡§ï‡•à‡§∏‡•á ‡§¶‡•Ç‡§∞ ‡§ï‡§∞‡•á‡§Ç? CHANT CHALAK KAISE BANE?,24-07-2023,716376,33424,0,1350,Jul
18,"Every Youth MUST WATCH this Motivational Video | Motivation For Students, Youngsters, and Teenagers",21-07-2023,2666560,167086,0,15767,Jul
19,‡§Ø‡•á 7 High Value Skills ‡§ú‡•Ä‡§µ‡§® ‡§¨‡§¶‡§≤ ‡§¶‡•á‡§ó‡•Ä | Everyone MUST LEARN In 2023!,17-07-2023,376851,17978,0,863,Jul
20,WHY WALKING AWAY is ATTRACTIVE! (DO THIS NOW!) | The Power of Walking Away,07-07-2023,75145,5931,0,396,Jul
21,5 Most Powerful Hand Gestures You Should Have To Know - What is Hand Posture - Best Hand Mudras,02-07-2023,138562,8563,0,929,Jul
22,Why High Value Men IGNORE Women | 5 REASONS (MUST KNOW),28-06-2023,373930,18114,0,658,Jun
23,‡•ö‡§∞‡•Ä‡§¨‡•Ä ‡§∏‡•á ‡§Ö‡§Æ‡•Ä‡§∞‡•Ä ‡§ï‡§æ ‡§Ø‡•á ‡§π‡•à ‡§∞‡§æ‡§∏‡•ç‡§§‡§æ | How to Become Rich from Poor Background (Fast),25-06-2023,660760,30540,0,4538,Jun
24,‡§è‡§ï ‡§Ü‡§¶‡§§ ‡§¨‡§¶‡§≤ ‡§≤‡•ã ‡§∏‡§¨ ‡§ï‡•Å‡§õ ‡§¨‡§¶‡§≤ ‡§ú‡§æ‡§è‡§ó‡§æ | Change Just 1 Habit to Change Your Life | Dopamine Detox,18-06-2023,135102,9629,0,1004,Jun
25,‡§ï‡§Æ ‡§¨‡•ã‡§≤‡§®‡•á ‡§ï‡•Ä ‡§§‡§æ‡§ï‡§§ ‡§ú‡§æ‡§® ‡§≤‡•ã! The Power of Speaking Less | Quiet by Susan Cain |  Yebook,14-06-2023,809311,34617,0,1678,Jun
26,10 ‡§∏‡§æ‡§≤ Goal ‡§∏‡§ø‡§∞‡•ç‡§´ 6 ‡§Æ‡§π‡•Ä‡§®‡•á ‡§Æ‡•á‡§Ç ‡§™‡•Å‡§∞‡§æ !!!üî• BEST POWERFUL MOTIVATIONAL VIDEO EVER in Hindi | Yebook,10-06-2023,822091,45705,0,5162,Jun
27,‡§ï‡§≠‡•Ä ‡§®‡§π‡•Ä‡§Ç ‡§π‡•ã‡§ó‡•Ä ‡§¨‡•ú‡•Ä ‡§¨‡•Ä‡§Æ‡§æ‡§∞‡•Ä | ‡§¨‡§∏ ‡§Ø‡•á 4 ‡§ï‡§æ‡§Æ ‡§ï‡§∞‡•ã | The Scientific Self Healing Process | Yebook,08-06-2023,659990,26329,0,1812,Jun
28,4 ‡§¨‡§æ‡§§‡•á‡§Ç ‡§Ü‡§™ ‡§ï‡•ã ‡§¨‡§®‡§æ‡§§‡•Ä ‡§π‡•à‡§Ç Attractive | 4 Things That Make You Attractive | How to Become Attractive?,04-06-2023,58728,4912,0,229,Jun
29,7 Habits of Losers and Miserable People | How to Be Miserable and Ruin Your Life,27-05-2023,208833,13298,0,963,May
30,How To Achieve Financial Freedom In Your 20's | Top 5 Rules Of Money | Total Money Makeover Summary,21-05-2023,180303,13495,0,1087,May
31,Cold Read Statements,09-05-2023,57065,5975,0,43,May
32,Agreed?,07-05-2023,59106,6437,0,232,May
33,Motivation ‡§ï‡•á ‡§ù‡•Ç‡§† ‡§ï‡§æ ‡§ú‡§æ‡§≤!,07-05-2023,82420,5790,0,601,May
34,Communication Skill Technique,30-04-2023,80849,8209,0,48,Apr
35,‡§¨‡•Å‡§¶‡•ç‡§ß‡§ø‡§Æ‡§æ‡§® ‡§µ‡•ç‡§Ø‡§ï‡•ç‡§§‡§ø ‡§Ø‡•á 7 ‡§¨‡§æ‡§§‡•á ‡§ï‡§ø‡§∏‡•Ä ‡§ï‡•ã ‡§®‡§π‡•Ä‡§Ç ‡§¨‡§§‡§æ‡§§‡•á | 7 Things To Keep Private | Yebook,30-04-2023,499414,16504,0,333,Apr
36,‡§Ø‡•á 10 ‡§ï‡§ø‡§§‡§æ‡§¨‡•á‡§Ç ‡§™‡•ù ‡§ï‡§∞ ‡§≤‡•ã‡§ó ‡§∏‡•ç‡§Æ‡§æ‡§∞‡•ç‡§ü ‡§¨‡§® ‡§∞‡§π‡•á ‡§π‡•à‡§Ç! 10 Books People Read To Get Smarter | Yebook,29-04-2023,58676,4610,0,527,Apr
37,5 ‡§Æ‡§ø‡§®‡§ü ‡§Æ‡•á‡§Ç ‡§ú‡§æ‡§®‡•ã ‡§Ü‡§™‡§ï‡•á ‡§ú‡•Ä‡§µ‡§® ‡§â‡§¶‡•ç‡§¶‡•á‡§∂‡•ç‡§Ø | How to Find Your Life Purpose in 5 Minutes | Yebook,23-04-2023,161446,11000,0,337,Apr
38,This 90 Days Challenge Will Make You Unstoppable | Unbelievable Motivational Story of David Goggins,16-04-2023,584521,35888,0,4425,Apr
39,"THINKING, FAST AND SLOW BY DANIEL KAHNEMAN | ANIMATED BOOK SUMMARY | YEBOOK",09-04-2023,115400,7105,0,433,Apr
40,‡§ö‡§æ‡§≤‡§æ‡§ï‡•Ä ‡§∏‡•á ‡§ï‡•à‡§∏‡•á ‡§∏‡•ã‡§ö‡§§‡•á ‡§π‡•à‡§Ç? How to Think Clearly? 6 Thinking Methods for Clarity in Thoughts | Yebook,06-04-2023,72915,6088,0,654,Apr
41,Reality of Weak Males!,02-04-2023,160068,13991,0,1419,Apr
42,7 Types of Rest You Need to Recover Your Life | Saundra Dalton-Smith | Yebook,28-03-2023,70602,6295,0,711,Mar
43,‡§Ö‡§ö‡•ç‡§õ‡•á ‡§≤‡•ã‡§ó ‡§∞‡§æ‡§∏‡•ç‡§§‡•á ‡§∏‡•á ‡§π‡§ü‡§æ ‡§¶‡§ø‡§è ‡§ú‡§æ‡§§‡•á ‡§π‡•à‡§Ç! | The Prince by Niccolo Machiavelli | Book Summary in Hindi,26-03-2023,113919,9189,0,589,Mar
44,Keystone Habits ‡§ï‡§æ‡§®‡•ç‡§∏‡•á‡§™‡•ç‡§ü ‡§ï‡•ã ‡§∏‡§Æ‡§ù ‡§≤‡•ã ‡§™‡§π‡§≤‡•á ‡§ú‡•à‡§∏‡•á ‡§®‡§π‡•Ä‡§Ç ‡§∞‡§π‡•ã‡§ó‡•á! | The Power of Habits by Charles Duhigg,25-03-2023,95751,7790,0,603,Mar
45,Simple Financial Model That Changed My Life | Yebook,21-03-2023,119510,9792,0,342,Mar
46,The Intelligent Investor Summary (BY BENJAMIN GRAHAM),17-03-2023,51897,3718,0,114,Mar
47,5 ‡§¨‡§æ‡§§‡•á‡§Ç ‡§∏‡•Ä‡§ñ ‡§ó‡§è ‡§§‡•ã ‡§´‡•ã‡•ú ‡§¶‡•ã‡§ó‡•á! 5 Lessons from Do Epic Shit by Ankur Warikoo,12-03-2023,84930,7195,0,263,Mar
48,DOGLAPAN - The Hard Truth About Life and Start-Ups by Ashneer Grover | Book Summary in Hindi,07-03-2023,95993,6303,0,981,Mar
49,6 Brain Exercises to Strengthen Your Mind,03-03-2023,305917,19556,0,2314,Mar
50,‡§∂‡§∞‡•Ä‡§∞ ‡§ï‡•Ä ‡§ó‡§Ç‡§¶‡§ó‡•Ä ‡§∏‡§æ‡§´ ‡§ï‡§∞‡•á‡§Ç 1 ‡§¶‡§ø‡§® ‡§Æ‡•á‡§Ç | Detox Your Body in 1 Day,28-02-2023,1774802,48598,0,2271,Feb
51,‡§ö‡§æ‡§£‡§ï‡•ç‡§Ø ‡§ï‡•Ä 5 ‡§¨‡§æ‡§§‡•á‡§Ç ‡§π‡§Æ‡•á‡§∂‡§æ ‡§Ø‡§æ‡§¶ ‡§∞‡§ñ‡§®‡§æ | Chanakya Niti by Yebook,23-02-2023,264635,11023,0,453,Feb
52,Time Manage ‡§ï‡§∞‡§®‡•á ‡§ï‡§æ Best ‡§§‡§∞‡•Ä‡§ï‡§æ!,20-02-2023,65829,6049,0,855,Feb
53,4 ‡§ò‡§Ç‡§ü‡•á ‡§ï‡§æ ‡§ï‡§æ‡§Æ 1 ‡§ò‡§Ç‡§ü‡•á ‡§Æ‡•á‡§Ç | How to Leverage 4 Key Hormones to Skyrocket Your Productivity and Focus,12-02-2023,62982,5369,0,331,Feb
54,Alpha Male ‡§ï‡•à‡§∏‡•á ‡§¨‡§®‡•á ‡§î‡§∞ Alpha Male ‡§ï‡•ç‡§Ø‡§æ ‡§π‡•ã‡§§‡§æ ‡§π‡•à? Alpha Male ‡§¨‡§®‡§®‡•á ‡§ï‡•á 5 ‡§§‡§∞‡•Ä‡§ï‡•á | The Way of Superior Man,06-02-2023,198188,13615,0,707,Feb
55,‡§∞‡•ã‡§ú‡§º ‡§∏‡•Å‡§¨‡§π ‡§∏‡§ø‡§∞‡•ç‡§´ 10 ‡§∏‡•á‡§ï‡§Ç‡§° - MORNING HABITS FOR HEALTHY MIND,25-01-2023,697400,32529,0,1599,Jan
56,6 Signs SHE Really Likes You | HIDDEN Signals of Attraction | Body Language Signs a Girl Likes You,08-01-2023,119421,6682,0,221,Jan
57,‡§Ü‡§™‡§ï‡§æ ‡§ñ‡§æ‡§®‡§æ ‡§™‡§ö ‡§∞‡§π‡§æ ‡§π‡•à ‡§Ø‡§æ ‡§∏‡•ú ‡§∞‡§π‡§æ ‡§π‡•à? | how to improve digestion naturally at home | Ikigai | Yebook,01-01-2023,6761558,157253,0,6049,Jan
58,7 LESSONS Men Learn Too Late In LIFE,27-12-2022,284046,19490,0,1151,Dec
59,‡§Ø‡•á ‡§∏‡•Ä‡§ñ ‡§ó‡§è ‡§§‡•ã ‡§ï‡§ø‡§∏‡•Ä ‡§∏‡•á ‡§ü‡§ø‡§™ ‡§®‡§π‡•Ä‡§Ç ‡§Æ‡§æ‡§Å‡§ó‡•ã‡§ó‡•á | How to Invest in Share Market | Learn to Invest in Stock,16-12-2022,67779,4171,0,377,Dec
60,How To Build Wealth Using SIP in Mutual Funds | SIP Investment in Hindi | Investing in Mutual Funds,03-12-2022,1486762,67624,0,4274,Dec
61,6 SKILLS Every Man Needs In LIFE,29-11-2022,797513,67117,0,5215,Nov
62,5 Psychological Rules For To Live A Happy Life | Psychology Facts | The Psychology of Happiness,27-11-2022,75633,5245,0,1159,Nov
63,‡§ö‡§æ‡§≤‡§æ‡§ï‡•Ä ‡§∏‡•á ‡§™‡§¢‡§º‡§®‡§æ ‡§∏‡•Ä‡§ñ‡•ã | ‡§™‡§¢‡§®‡•á ‡§ï‡§æ ‡§∏‡§π‡•Ä ‡§§‡§∞‡•Ä‡§ï‡§æ | How to Study in Exam Time in Hindi,25-11-2022,67631,5225,0,148,Nov
64,‡§ê‡§∏‡•á ‡§Æ‡§®‡§µ‡§æ‡§ì ‡§Ö‡§™‡§®‡•Ä ‡§¨‡§æ‡§§ | 5 Secret Psychological Tricks To Convince People To Do What You Want!,20-11-2022,99409,6828,0,518,Nov
65,‡§Ø‡•á ‡§ï‡§π‡§æ‡§®‡•Ä ‡§ï‡§π‡§æ‡§®‡•Ä ‡§Ü‡§Å‡§ñ‡•á‡§Ç ‡§ñ‡•ã‡§≤ ‡§¶‡•á‡§ó‡•Ä | Who Moved My Cheese Animated Movie | Book Summary in Hindi,15-11-2022,128704,7149,0,955,Nov
66,No More Mr Nice Guy by Robert Glover | 5 Tips To Make Anyone Respect You |  yebook,13-11-2022,97290,6637,0,228,Nov
67,‡§ï‡•ç‡§Ø‡§æ ‡§Ü‡§™ ‡§≠‡•Ä ‡§á‡§∏ ‡§ù‡•Ç‡§† ‡§™‡§∞ ‡§Ø‡§ï‡•Ä‡§® ‡§ï‡§∞‡§§‡•á ‡§π‡•ã? | Brain Facts | Factfulness by Hans Rosling | Myths vs Facts,09-11-2022,53133,3599,0,157,Nov
68,Intelligent ‡§¨‡§®‡§®‡•á ‡§ï‡•á 7 Rules | Multiple Intelligences by Howard Gardner,06-11-2022,66178,4830,0,187,Nov
69,Only For Males!,02-11-2022,646503,43809,0,7909,Nov
70,‡§ï‡§ø‡§∏‡•Ä ‡§≠‡•Ä ‡§¨‡•Å‡§∞‡•Ä ‡§Ü‡§¶‡§§ ‡§ï‡•ã ‡§õ‡•ã‡§°‡§º‡•ã BMAT ‡§´‡§æ‡§∞‡•ç‡§Æ‡•Ç‡§≤‡§æ ‡§∏‡•á | How To QUIT BAD HABITS With BMAT Formula | Yebook,27-10-2022,398969,22019,0,2850,Oct
71,"5 ‡§ö‡§æ‡§≤‡§æ‡§ï‡§ø‡§Ø‡§æ‡§Å ‡§∏‡•Ä‡§ñ ‡§≤‡•ã, ‡§π‡§∞ ‡§ï‡•ã‡§à Value ‡§ï‡§∞‡•á‡§ó‡§æ | The 48 Laws of Power Book | Psychological Facts",25-10-2022,510512,23420,0,409,Oct
72,‡§ö‡§æ‡§≤‡§æ‡§ï‡•Ä ‡§∏‡•á ‡§¨‡§æ‡§§ ‡§ï‡§∞‡§®‡§æ ‡§∏‡•Ä‡§ñ‡•ã | 5 Amazing Communication Techniques | How to Talk to Anyone by Leil Lownd,23-10-2022,143584,10042,0,1034,Oct
73,‡§Ø‡•á ‡§≤‡•ã‡§ó ‡§Ü‡§™ ‡§ï‡§æ ‡§¨‡•Å‡§∞‡§æ ‡§ö‡§æ‡§π‡§§‡•á ‡§π‡•à‡§Ç | Psychology of Toxic People | Get Rid of 5 Types of People | Yebook,20-10-2022,86371,5652,0,278,Oct
74,"‡§¨‡§∏ 4 ‡§ö‡•Ä‡§ú‡•á‡§Ç ‡§†‡•Ä‡§ï ‡§ï‡§∞ ‡§≤‡•ã, ‡§∏‡§¨ ‡§†‡•Ä‡§ï ‡§π‡•ã ‡§ú‡§æ‡§è‡§ó‡§æ | Hints For Self Culture in Hindi by Lala Har Dayal | Yebook",18-10-2022,105762,7845,0,826,Oct
75,The Almanack Of Naval Ravikant | The Book that will change your life Forever | Book Summary | Yebook,16-10-2022,174676,11565,0,563,Oct
76,Memorable Session with @SandeepSeminars | Yebook,15-10-2022,32791,2948,0,180,Oct
77,‡§π‡§∞ ‡§ï‡§ø‡§∏‡•Ä ‡§ï‡•ã ‡§¶‡•ã‡§∏‡•ç‡§§ ‡§Æ‡§§ ‡§∏‡§Æ‡§ù‡•ã! Learn To Identify Fake Friends | Interesting Psychological Facts | Yebook,13-10-2022,101340,7165,0,440,Oct
78,‡§¨‡•á‡§µ‡§ï‡•Ç‡§´ ‡§¨‡§®‡§®‡•á ‡§∏‡•á ‡§¨‡§ö‡•ã | The Dunning Kruger Effect | Yebook,11-10-2022,95091,6077,0,206,Oct
79,‡§Ö‡§™‡§®‡•Ä ‡§Ü‡§≤‡§∏ ‡§ï‡•ã ‡§π‡•Ä ‡§Ö‡§™‡§®‡§æ ‡§π‡§•‡§ø‡§Ø‡§æ‡§∞ ‡§¨‡§®‡§æ ‡§≤‡•ã | Use Laziness To Your Advantage - The 20 Second Rule | Yebook,09-10-2022,187506,16458,0,640,Oct
80,‡§Ü‡§™‡§ï‡§æ Comfort ‡§Ü‡§™‡§ï‡•ã ‡§ñ‡§§‡•ç‡§Æ ‡§ï‡§∞ ‡§∞‡§π‡§æ ‡§π‡•à!,07-10-2022,219307,18642,0,2124,Oct
81,‡§∏‡§æ‡§≤ ‡§ï‡•á ‡§Ö‡§Ç‡§§ ‡§Æ‡•á‡§Ç ‡§π‡•à‡§∞‡§æ‡§® ‡§ï‡§∞ ‡§¶‡•ã - BEST EVER INSPIRATIONAL VIDEO in Hindi,05-10-2022,437018,20574,0,1396,Oct
82,15 Motivational Stories in Hindi (Every Single Story is Inspiring and Life Changing),03-10-2022,649214,28190,0,886,Oct
83,How to Study With Full Concentration | ‡§ß‡•ç‡§Ø‡§æ‡§® ‡§≤‡§ó‡§æ ‡§ï‡§∞ ‡§ï‡•à‡§∏‡•á ‡§™‡•ù‡•á | AWWAL kaise aaye | Yebook,01-10-2022,71865,5467,0,202,Oct
84,How to Master Your Dark Side ‚Äì The Laws of Human Nature by Robert Greene,29-09-2022,59440,4016,0,134,Sep
85,Unfu*ck Yourself | The Book that will change your life Forever | Book Summary | Yebook,27-09-2022,313222,18752,0,453,Sep
86,10 Extremely Powerful Lessons Will Change Your Life | Best Motivational Video in Hindi | Yebook,21-08-2022,175376,9487,0,313,Aug
87,REALITY OF LAW OF ATTRACTION,14-08-2022,98309,6041,0,200,Aug
88,4 ‡§Ü‡§¶‡§§‡•ã‡§Ç ‡§ï‡•á ‡§¨‡§ø‡§®‡§æ ‡§Ü‡§™ ‡§¶‡•ã‡§∏‡•ç‡§§ ‡§®‡§π‡•Ä‡§Ç ‡§¨‡§®‡§æ ‡§∏‡§ï‡§§‡•á | 4 Habits of Highly Effective People by Stephen Covey,09-08-2022,75654,4482,0,135,Aug
89,"‡§Ø‡•á 7 ‡§¨‡§æ‡§§‡•á‡§Ç ‡§∏‡•Ä‡§ñ ‡§≤‡•ã, ‡§Ö‡§∏‡§∞‡§¶‡§æ‡§∞ ‡§¨‡§® ‡§ú‡§æ‡§ì‡§ó‡•á | 7 Habits of Highly Effective People (by Stephen Covey)",07-08-2022,151465,9156,0,222,Aug
90,‡§™‡•à‡§∏‡§æ ‡§¨‡§®‡§æ‡§®‡•á ‡§ï‡•á 8 ‡§®‡§ø‡§Ø‡§Æ | 8 Rules to Make Money From The Book The Psychology of Money by Morgan Housel,31-07-2022,1343133,44074,0,448,Jul
91,"6 Brain Hacks That Will Change Your Life! Increase Brain Power, Enhance Intelligence, IQ to improve",24-07-2022,104698,6973,0,207,Jul
92,THE BUTTERFLY EFFECT ‡§Ü‡§™‡§ï‡•Ä ‡•õ‡§ø‡§Ç‡§¶‡§ó‡•Ä ‡§¨‡§¶‡§≤ ‡§∏‡§ï‡§§‡§æ ‡§π‡•à!,26-06-2022,213811,19615,0,509,Jun
93,‡§Ø‡•á ‡§ï‡§π‡§æ‡§®‡•Ä ‡§Ü‡§™‡§ï‡•ã ‡§π‡§ø‡§Æ‡•ç‡§Æ‡§§ ‡§¶‡•á‡§ó‡•Ä! | Real Inspirational Story in Hindi,21-06-2022,105487,10255,0,390,Jun
94,‡§Ø‡•á CHALLENGE ‡§Ü‡§™ ‡§ï‡•ã MIDDLE CLASS ‡§∏‡•á ‡§¨‡§æ‡§π‡§∞ ‡§®‡§ø‡§ï‡§æ‡§≤ ‡§∏‡§ï‡§§‡§æ ‡§π‡•à! THE BILLIONAIRE CHALLENGE,16-06-2022,180065,13122,0,1607,Jun
95,‡§ê‡§∏‡•á ‡§Æ‡§ø‡§≤‡•ã‡§ó‡•á ‡§§‡•ã INTERESTING ‡§≤‡§ó‡•ã‡§ó‡•á! 8 Habits To Be A Super Interesting Person | Communication Skills,06-06-2022,225995,16421,0,1096,Jun
96,‡§Ø‡•á 10 ‡§ü‡•ç‡§∞‡§ø‡§ï‡•ç‡§∏ ‡§Ø‡§æ‡§¶ ‡§∞‡§ñ‡•ã ‡§∏‡§¨ ‡§Ü‡§™‡§ï‡•Ä VALUE ‡§ï‡§∞‡•á‡§Ç‡§ó‡•á | 10 Psychological Laws of Power | Yebook,29-05-2022,254419,14720,0,408,May
97,‡§ö‡§æ‡§≤‡§æ‡§ï ‡§≤‡•ã‡§ó‡•ã‡§Ç ‡§ï‡•Ä 8 ‡§Ü‡§¶‡§§‡•á‡§Ç | 8 Habits of Highly Intelligent People | Yebook,22-05-2022,574731,16740,0,488,May
98,‡§á‡§∏ ‡§§‡§∞‡§π FUN ‡§ï‡§∞‡§®‡•á ‡§∏‡•á ‡§¨‡§¶‡§≤ ‡§ú‡§æ‡§è‡§ó‡•Ä ‡•õ‡§ø‡§Ç‡§¶‡§ó‡•Ä! THE POWER OF FUN by CATHERINE PRICE in Hindi,15-05-2022,111325,6605,0,231,May
99,5 Ways to Be a Dangerously Powerful Man! ‡§ñ‡§§‡§∞‡§®‡§æ‡§ï ‡§§‡§æ‡§ï‡§§‡§µ‡§∞ ‡§Ü‡§¶‡§Æ‡•Ä ‡§¨‡§®‡§®‡§æ ‡§∏‡•Ä‡§ñ‡•ã | Yebook,08-05-2022,400239,22435,0,387,May
100,‡§ê‡§∏‡•á ‡§ï‡§ø‡§Ø‡§æ ‡§ú‡§æ‡§§‡§æ ‡§π‡•à ‡§ö‡§æ‡§≤‡§æ‡§ï‡•Ä ‡§∏‡•á ‡§ï‡§æ‡§Æ! Smart Work vs Hard Work | Yebook,01-05-2022,312762,16690,0,238,May
101,‡§ê‡§∏‡•á ‡§¨‡§¶‡§≤‡§§‡•Ä ‡§π‡•à ‡•õ‡§ø‡§Ç‡§¶‡§ó‡•Ä!,17-04-2022,153500,10046,0,257,Apr
102,7 Habits of Attractive People | ‡§Ö‡§ü‡•ç‡§∞‡•à‡§ï‡•ç‡§ü‡§ø‡§µ ‡§≤‡•ã‡§ó‡•ã‡§Ç ‡§ï‡•Ä 7 ‡§Ü‡§¶‡§§‡•á‡§Ç,10-04-2022,1035775,40099,0,562,Apr
103,‡§ï‡•ç‡§Ø‡§æ ‡§™‡•à‡§∏‡•á ‡§∏‡•á ‡§ñ‡•Å‡§∂‡•Ä ‡§ñ‡§∞‡•Ä‡§¶ ‡§∏‡§ï‡§§‡•á ‡§π‡•à‡§Ç? How To Buy Happiness | Learn to Buy Happiness,03-04-2022,88749,6254,0,302,Apr
104,‡§ê‡§∏‡•á ‡§ï‡§Æ‡§æ‡§è ‡§Æ‡•à‡§Ç‡§®‡•á 3 ‡§ï‡§∞‡•ã‡•ú! 15 Steps ULTIMATE Guide to Become RICH! How to Become Rich!,27-03-2022,2711145,105827,0,2745,Mar
105,"‡§ú‡§ø‡§∏‡§∏‡•á ‡§≠‡•Ä ‡§Æ‡§ø‡§≤‡•ã‡§ó‡•á ‡§ï‡§π‡•á‡§ó‡§æ ""‡§≠‡§à! ‡§ï‡•ç‡§Ø‡§æ ‡§∂‡§æ‡§®‡§¶‡§æ‡§∞ ‡§á‡§Ç‡§∏‡§æ‡§® ‡§π‡•à!"" | CONFIDENCE ‡§ï‡•á 5 ‡§®‡§ø‡§Ø‡§Æ | HOW TO BE CONFIDENT",26-02-2022,432849,23084,0,372,Feb
106,10 ‡§∏‡§æ‡§≤ ‡§ï‡§æ ‡§≤‡§ï‡•ç‡§∑‡•ç‡§Ø 6 ‡§Æ‡§π‡•Ä‡§®‡•á ‡§Æ‡•á ‡§™‡•Ç‡§∞‡§æ ‡§ï‡§∞‡§®‡•á ‡§ï‡§æ ‡§∏‡•Ä‡§ï‡•ç‡§∞‡•á‡§ü! Flow by Mihaly Csikszentmihalyi Summary in Hindi,18-02-2022,613343,28194,0,470,Feb
107,7 Business Lessons to Earn Money Without Money | yebook,13-02-2022,454399,20648,0,384,Feb
108,"A Students vs C Students | 9 Reasons Why ""A"" Students Work for ""C"" Students | Yebook",08-02-2022,178074,9429,0,420,Feb
109,‡§Ø‡•á 16 ‡§ü‡•ç‡§∞‡§ø‡§ï‡•ç‡§∏ ‡§∏‡•Ä‡§ñ ‡§≤‡•ã ‡§∏‡§¨ ‡§Ü‡§™‡§ï‡•Ä VALUE ‡§ï‡§∞‡•á‡§Ç‡§ó‡•á | 16 Psychological Laws of Power (by Robert Greene),24-01-2022,9154930,378186,0,3089,Jan
110,"‡§∞‡•ã‡§ú‡§º ‡§∏‡•Å‡§¨‡§π ‡§∏‡§ø‡§∞‡•ç‡§´ 6 ‡§Æ‡§ø‡§®‡§ü - 6 MORNING HABITS FOR WEALTH, HEALTH & SUCCESS | THE MIRACLE MORNING BY HAL",17-01-2022,1129018,56859,0,634,Jan
111,6 Habits Will Turn Your Brain into Learning Machine | The Magic of Self Education | Study Motivation,09-01-2022,699905,38303,0,676,Jan
112,22 Habits That Will Change Your Life | Morning Habits and Night Habits | Habits of Successful Person,30-12-2021,732130,36898,0,756,Dec
113,‡§ó‡§≤‡§§ ‡§≤‡•ã‡§ó‡•ã‡§Ç ‡§∏‡•á ‡§¨‡§ö‡§®‡§æ ‡§∏‡•Ä‡§ñ‡•ã | OUTCOME BIAS IN HINDI | WHO YOU CAN TRUST? YEBOOK,26-12-2021,106035,6682,0,212,Dec
114,"5 ‡§ù‡•Ç‡§† ‡§∏‡§ø‡§∞‡•ç‡§´ ‡§®‡§æ‡§ï‡§æ‡§Æ ‡§≤‡•ã‡§ó ‡§¨‡•ã‡§≤‡§§‡•á ‡§π‡•à‡§Ç, ‡§ï‡§æ‡§Æ‡§Ø‡§æ‡§¨ ‡§≤‡•ã‡§ó ‡§ï‡§≠‡•Ä ‡§®‡§π‡•Ä‡§Ç | 5 LIES SUCCESSFUL PEOPLE NEVER TELL | YEBOOK",23-12-2021,168206,10858,0,1436,Dec
115,10 Must Read Books Before The Age of 30 | Top 10 Non Fiction Books Recommendation by Yebook,19-12-2021,140365,10073,0,340,Dec
116,The 100 Rules of Life That Will Change Your Life Forever | Best Motivational Video in Hindi | Yebook,15-12-2021,183205,15602,0,512,Dec
117,‡§π‡§∞ ‡§∞‡•ã‡§ú‡§º ‡§Ü‡§™ ‡§ó‡§≤‡§§ ‡§§‡§∞‡•Ä‡§ï‡•á ‡§∏‡•á ‡§∏‡•ã‡§§‡•á ‡§π‡•ã | WHICH IS RIGHT SLEEPING POSITION FOR YOUR GOOD HEALTH,12-12-2021,5815599,141658,0,1313,Dec
118,Best Financial Advice For Young People | The Psychology of Money Book Summary in Hindi Morgan Housel,09-12-2021,1574356,53029,0,564,Dec
119,‡§ñ‡•Å‡§¶ ‡§ï‡•ã ‡§π‡•ã‡§∂‡§ø‡§Ø‡§æ‡§∞ ‡§∏‡§Æ‡§ù‡§®‡•á ‡§µ‡§æ‡§≤‡•á ‡§Æ‡•Ç‡§∞‡•ç‡§ñ ‡§ï‡•ç‡§Ø‡•ã‡§Ç ‡§π‡•ã‡§§‡•á ‡§π‡•à‡§Ç? Dunning-Kruger Effect in Hindi | Psychology Facts,05-12-2021,109586,6827,0,189,Dec
120,‡§Ø‡•á ‡§∏‡•Ä‡§ñ ‡§ó‡§è ‡§§‡•ã ‡§ï‡•ã‡§à ‡§Ü‡§™ ‡§ï‡•ã ‡§ß‡•ã‡§ñ‡§æ ‡§®‡§π‡•Ä‡§Ç ‡§¶‡•á ‡§∏‡§ï‡•á‡§ó‡§æ | Slothful Induction Fallacy in Hindi | Psychology Facts,03-12-2021,110882,6628,0,120,Dec
121,‡§á‡§∏‡§∏‡•á ‡§Ö‡§ö‡•ç‡§õ‡•Ä ‡§¨‡§æ‡§§ ‡§Æ‡•à‡§Ç‡§®‡•á ‡§Ü‡§ú ‡§§‡§ï ‡§®‡§π‡•Ä‡§Ç ‡§∏‡•Å‡§®‡•Ä | Best Advice I've Ever Heard by Simon Sinek | Yebook,28-11-2021,128563,8001,0,412,Nov
122,Survivorship Bias ‡§Ü‡§™ ‡§ï‡•ã ‡§ö‡§æ‡§≤‡§æ‡§ï‡•Ä ‡§∏‡•á ‡§ú‡•Ä‡§®‡§æ ‡§∏‡§ø‡§ñ‡§æ ‡§¶‡•á‡§ó‡§æ | Psychology Facts and Logical Fallacies | Yebook,24-11-2021,215414,15379,0,443,Nov
123,"9 ""Shocking"" Psychology Facts That Will Make Your Life Easy That They Don't Teach You In School",07-11-2021,230637,15143,0,268,Nov
124,"10 ""Shocking"" Psychological Tricks To Know The Real Faces Of People | Psychology In Hindi | yebook",31-10-2021,243756,13528,0,327,Oct
125,Managing Your Money Like the Rich! | ‡§Ö‡§™‡§®‡§æ ‡§™‡•à‡§∏‡§æ ‡§Ö‡§Æ‡•Ä‡§∞‡•ã‡§Ç ‡§ï‡•Ä ‡§§‡§∞‡§π ‡§Æ‡•à‡§®‡•á‡§ú ‡§ï‡§∞‡§®‡§æ ‡§∏‡•Ä‡§ñ‡•ã | Yebook,10-10-2021,545057,22436,0,416,Oct
126,The Power Of Silence - 8 Reasons Silent People Are Successful,21-09-2021,177213,12645,0,581,Sep
127,The Ultimate 14 Rules of Success | Best Motivational Video,12-09-2021,482593,25542,0,453,Sep
128,‡§Ö‡§™‡§®‡•á ‡§¶‡§ø‡§Æ‡§æ‡§ó ‡§∏‡•á ‡§Æ‡•Å‡§∂‡•ç‡§ï‡§ø‡§≤ ‡§ï‡§æ‡§Æ ‡§ï‡§∞‡§µ‡§æ‡§®‡§æ ‡§∏‡•Ä‡§ñ‡•ã | Trick Your Brain to Like Doing Hard Things | ATOMIC HABITS,06-09-2021,1931527,105218,0,877,Sep
129,‡§π‡§∞ ‡§ï‡§æ‡§Æ‡§Ø‡§æ‡§¨ ‡§á‡§Ç‡§∏‡§æ‡§® ‡§ï‡§∞‡§§‡§æ ‡§π‡•à ‡§Ø‡•á | THE NO 1 HABIT OF RICH AND SUCCESSFUL PEOPLE | RICH VS POOR | YEBOOK,30-08-2021,128513,8012,0,346,Aug
130,‡§¶‡•Å‡§®‡§ø‡§Ø‡§æ ‡§ï‡•á ‡§∏‡§¨‡§∏‡•á ‡§¨‡•ú‡•á GENIUS ‡§ï‡•Ä ‡§§‡§∞‡§π ‡§∏‡•ã‡§ö‡§®‡§æ ‡§∏‡•Ä‡§ñ‡•ã | HOW TO THINK LIKE A GENIUS? LEONARDO DA VINCI BY WALTE,22-08-2021,157012,10400,0,301,Aug
131,300 ‡§ï‡§ø‡§§‡§æ‡§¨‡•á‡§Ç ‡§™‡•ù ‡§ï‡§∞ ‡§Æ‡•à‡§Ç‡§®‡•á ‡§ï‡•ç‡§Ø‡§æ ‡§∏‡•Ä‡§ñ‡§æ? WHAT I LEARNED AFTER READING 300 BOOKS THAT CHANGED MY LIFE,16-08-2021,506212,27544,0,579,Aug
132,‡§™‡•à‡§∏‡•ã‡§Ç ‡§ï‡•Ä ‡§ö‡§æ‡§≤‡§æ‡§ï‡§ø‡§Ø‡§æ‡§Å ‡§∏‡•Ä‡§ñ‡•ã! COMPLETE FINANCIAL EDUCATION IN HINDI | HOW TO BE FINANCIALLY INDEPENDENT,08-08-2021,352714,18173,0,295,Aug
133,‡§µ‡•ç‡§Ø‡§æ‡§™‡§æ‡§∞ ‡§ï‡•Ä 7 ‡§ö‡§æ‡§≤‡§æ‡§ï‡§ø‡§Ø‡§æ‡§Å | Influence - The Art of Persuasion by Robert Cialdini | Marketing Secrets,01-08-2021,506633,23699,0,305,Aug
134,‡§Ø‡•á ‡§∏‡•Ä‡§ñ ‡§ó‡§è ‡§§‡•ã ‡§ï‡§ø‡§∏‡•Ä ‡§∏‡•á ‡§®‡§π‡•Ä‡§Ç ‡§°‡§∞‡•ã‡§ó‡•á! HOW TO FIGHT FROM FEARS AND DOUBTS? LEARN TO FIGHT FROM FEARS,25-07-2021,337134,19869,0,461,Jul
135,‡§Ø‡§π ‡§≤‡•ã‡§ó ‡§¶‡§ø‡§ñ‡§§‡•á ‡§§‡•ã ‡§Ö‡§Æ‡•Ä‡§∞ ‡§π‡•à‡§Ç ‡§≤‡•á‡§ï‡§ø‡§® ‡§π‡•ã‡§§‡•á ‡§®‡§π‡•Ä‡§Ç! RICH VS WEALTHY | 6 DIFFERENCES BETWEEN RICH & WEALTHY,27-06-2021,293257,12546,0,341,Jun
136,‡§™‡•à‡§∏‡•á ‡§∏‡•á ‡§™‡•à‡§∏‡§æ ‡§ï‡§Æ‡§æ‡§®‡§æ ‡§∏‡•Ä‡§ñ‡•ã ‡§Ø‡§π ‡§µ‡§ø‡§°‡§ø‡§ì ‡§Ü‡§™‡§ï‡•ã ‡§™‡•à‡§∏‡•á ‡§∏‡•á ‡§™‡•à‡§∏‡§æ ‡§ï‡§Æ‡§æ‡§®‡§æ ‡§∏‡•Ä‡§ñ‡§æ ‡§¶‡•á‡§ó‡•Ä - THE INTELLIGENT INVESTOR YEBOOK,01-06-2021,1608892,41470,0,523,Jun
137,‡§è‡§µ‡§∞‡•á‡§ú ‡§¨‡§® ‡§ï‡§∞ ‡§ú‡•Ä‡§®‡§æ ‡§¨‡§Ç‡§¶ ‡§ï‡§∞‡•ã! Can't Hurt Me by David Goggins Book Summary in Hindi | Yebook,19-04-2021,250619,21379,0,400,Apr
138,‡§ó‡§∞‡•Ä‡§¨‡•ã‡§Ç ‡§ï‡•Ä ‡§§‡§∞‡§π ‡§ú‡•Ä‡§®‡§æ ‡§¨‡§Ç‡§¶ ‡§ï‡§∞‡•ã! | How to Achieve Financial Freedom | Total Money Makeover by Dave Ramsey,11-04-2021,611170,38908,0,624,Apr
139,7 Things Make You Attractive | 7 ‡§ö‡•Ä‡•õ‡•á‡§Ç ‡§Ü‡§™‡§ï‡•ã ‡§¨‡§®‡§æ ‡§¶‡•á‡§Ç‡§ó‡•Ä Attractive | 50 Things a Gentleman Should Know,04-04-2021,357825,21641,0,366,Apr
140,‡§ò‡§¨‡§∞‡§æ‡§®‡§æ ‡§Æ‡§§! 7 ‡§§‡§∞‡•Ä‡§ï‡•á ‡§π‡•à‡§Ç ‡§≤‡•ã‡§ó‡•ã‡§Ç ‡§ï‡•ã ‡§ú‡•Ä‡§§‡§®‡•á ‡§ï‡•á | 25 WAYS TO WIN WITH PEOPLE BY JOHN C MAXWELL BOOK SUMMARY,28-03-2021,176287,11938,0,358,Mar
141,‡§ú‡•ç‡§Ø‡§æ‡§¶‡§æ ‡§π‡•ã‡§∂‡§ø‡§Ø‡§æ‡§∞ ‡§≤‡•ã‡§ó‡•ã‡§Ç ‡§ï‡•Ä ‡§π‡•ã‡§∂‡§ø‡§Ø‡§æ‡§∞‡•Ä ‡§∏‡•á ‡§¨‡§ö ‡§ï‡§∞ ‡§∞‡§π‡§®‡§æ! üêç NEVER TRUST SIX KIND OF PEOPLE | COVERT NARCISSISM,17-03-2021,193169,11713,0,695,Mar
142,‡§°‡§∞‡§§‡•á ‡§°‡§∞‡§§‡•á ‡§¨‡§æ‡§§ ‡§ï‡§∞‡§®‡§æ ‡§¨‡§Ç‡§¶ ‡§ï‡§∞‡•ã | SOCIAL SKILLS ‡§ï‡•Ä TECHNIQUES ‡§∏‡•á ‡§¨‡§ø‡§≤‡§ï‡•Å‡§≤ ‡§¨‡§¶‡§≤ ‡§ú‡§æ‡§ì‡§ó‡•á | COMMUNICATION SKILLS,03-03-2021,354175,22510,0,428,Mar
143,‡§Ü‡§§‡•ç‡§Æ‡§µ‡§ø‡§∂‡•ç‡§µ‡§æ‡§∏ ‡§ï‡•á 5 ‡§®‡§ø‡§Ø‡§Æ ‡§∏‡•Ä‡§ñ ‡§ó‡§è ‡§§‡•ã ‡§¨‡§ø‡§≤‡§ï‡•Å‡§≤ ‡§¨‡§¶‡§≤ ‡§ú‡§æ‡§ì‡§ó‡•á | HOW TO BE CONFIDENT? YOU GOT THIS BY IVAN JOSEPH,20-02-2021,187166,15375,0,400,Feb
144,‡§Ö‡§∏‡§≤‡•Ä COOL Vs ‡§®‡§ï‡§≤‡•Ä COOL | 10 HABITS OF REAL COOL PEOPLE | FAKE VS REAL COOL PEOPLE | yebook,14-02-2021,112347,9077,0,299,Feb
145,25 ‡§¨‡§æ‡§§‡•á‡§Ç ‡§¨‡§®‡§æ‡§§‡•Ä ‡§π‡•à‡§Ç AVERAGE ‡§∏‡•á AMAZING! 25 METHODS TO BE EXTRAORDINARY | YEBOOK,07-02-2021,294665,20207,0,569,Feb
146,Jordon Peterson ‡§ï‡•Ä ‡§è‡§ï ‡§¨‡§æ‡§§ ‡§Æ‡§æ‡§® ‡§≤‡•ã ‡§¶‡•Ç‡§∏‡§∞‡•ã‡§Ç ‡§∏‡•á ‡§¨‡§π‡•Å‡§§ ‡§Ü‡§ó‡•á ‡§®‡§ø‡§ï‡§≤ ‡§ú‡§æ‡§ì‡§ó‡•á!,05-02-2021,226736,14212,0,389,Feb
147,10 ‡§ö‡•Ä‡•õ‡•á‡§Ç ‡§Ü‡§™‡§ï‡•ã ‡§¨‡§®‡§æ‡§§‡•Ä ‡§π‡•à‡§Ç ‡§Ö‡§Æ‡•Ä‡§∞ | 10 THINGS THAT THAT MAKES YOU RICH | RICH VS POOR,31-01-2021,267136,20571,0,423,Jan
148,‡§ï‡§ø‡§∏ ‡§Æ‡•á‡§Ç ‡§π‡•à ‡§¶‡§Æ? | MUSK VS KALAM | ‡§á‡§≤‡•â‡§® ‡§Æ‡§∏‡•ç‡§ï vs ‡§è‡§™‡•Ä‡§ú‡•á ‡§Ö‡§¨‡•ç‡§¶‡•Å‡§≤ ‡§ï‡§≤‡§æ‡§Æ | Iron Man Vs Missile Man of India,27-01-2021,83321,7660,0,305,Jan
149,"Interesting ‡§¨‡§æ‡§§‡•á‡§Ç ‡§ï‡§∞‡§®‡§æ ‡§∏‡•Ä‡§ñ‡•ã | How Talk Like RJ, VJ and TV Anchors | Communication Skills in Hindi",23-01-2021,273116,16687,0,354,Jan
150,3 SIGNS ‡§Ü‡§™ ‡§Ö‡§Æ‡•Ä‡§∞ ‡§¨‡§®‡•ã‡§ó‡•á ‡§Ø‡§æ ‡§®‡§π‡•Ä‡§Ç? | 3 Signs That You Will Become Rich One Day | Yebook,20-01-2021,110553,9752,0,339,Jan
151,THIS is My BIGGEST SECRET to SUCCESS! | Warren Buffet Success Rules,17-01-2021,94435,8487,0,247,Jan
152,‡§è‡§ï ‡§∞‡•ã‡§Æ‡§® ‡§∏‡§Æ‡•ç‡§∞‡§æ‡§ü ‡§ï‡•Ä ‡§§‡§∞‡§π ‡§∏‡•ã‡§ö‡§®‡§æ ‡§∏‡•Ä‡§ñ‡•ã | MEDITATIONS BY MARCUS AURELIUS BOOK SUMMARY IN HINDI BY YEBOOK,13-01-2021,187292,13736,0,369,Jan
153,SCAM 1992 ‡§∏‡•á ‡§ß‡§Ç‡§ß‡§æ ‡§ï‡§∞‡§®‡§æ ‡§∏‡•Ä‡§ñ‡•ã | AMAZING BUSINESS LESSONS FROM SCAM 1992 WEB SERIES,10-01-2021,274186,19046,0,482,Jan
154,‡§á‡§∏ ‡§ï‡§ø‡§§‡§æ‡§¨ ‡§ï‡•Ä ‡§¨‡§æ‡§§‡•á‡§Ç ‡§Ü‡§™‡§ï‡•Ä ‡•õ‡§ø‡§®‡•ç‡§¶‡§ó‡•Ä ‡§¨‡§¶‡§≤ ‡§¶‡•á‡§Ç‡§ó‡•Ä | CHANGING YOUR STORY CAN CHANGE YOUR LIFE | BRUCE LIPTON,07-01-2021,211199,16146,0,416,Jan
155,‡§ó‡§∞‡•Ä‡§¨‡•ã‡§Ç ‡§ï‡•Ä ‡§§‡§∞‡§π ‡§ú‡•Ä‡§®‡§æ ‡§õ‡•ã‡•ú ‡§¶‡•ã! | SMALL THINGS CAN MAKE YOU RICH | RICH DAD POOR DAD BY ROBER,04-01-2021,1461258,80071,0,1426,Jan
156,‡§™‡•à‡§∏‡§æ ‡§Ö‡§ö‡•ç‡§õ‡§æ ‡§π‡•ã‡§§‡§æ ‡§π‡•à ‡§Ø‡§æ ‡§¨‡•Å‡§∞‡§æ? #shorts #youtubeshorts,26-12-2020,236564,22289,0,437,Dec
157,"‡§Ö‡§Æ‡•Ä‡§∞‡•ã‡§Ç ‡§ï‡•Ä ‡§§‡§∞‡§π ‡§∏‡•ã‡§ö‡•ã, ‡§Ö‡§Æ‡•Ä‡§∞‡•ã‡§Ç ‡§ï‡•Ä 6 ‡§Ü‡§¶‡§§‡•á‡§Ç ‡§ú‡§ø‡§®‡•ç‡§π‡•á‡§Ç ‡§ó‡§∞‡•Ä‡§¨ ‡§¨‡•Å‡§∞‡§æ ‡§∏‡§Æ‡§ù‡§§‡•á ‡§π‡•à‡§Ç | TRY FOR 21 DAYS HABITS OF RICH",20-12-2020,451189,25432,0,3604,Dec
158,‡§Ø‡§π ‡§ï‡§ø‡§§‡§æ‡§¨ ‡§≤‡•ú‡§®‡§æ ‡§∏‡§ø‡§ñ‡§æ ‡§¶‡•á‡§ó‡•Ä! THE LAWS OF HUMAN NATURE BY ROBERT GREENE SUMMARY IN HINDI | YEBOOK,13-12-2020,349747,21348,0,357,Dec
159,‡§Ö‡§∏‡§≤‡•Ä ‡§Æ‡§∞‡•ç‡§¶‡•ã‡§Ç ‡§ï‡•Ä 13 ‡§®‡§ø‡§∂‡§æ‡§®‡§ø‡§Ø‡§æ‡§Å | The Way of The Superior Man by David Deida | 13 Rules For Men in Hindi,29-11-2020,590869,47293,0,1080,Nov
160,‡§Ö‡§ö‡•ç‡§õ‡•á ‡§∏‡•á ‡§¨‡§æ‡§§ ‡§ï‡§∞‡§®‡•á ‡§ï‡•á 7 ‡§®‡§ø‡§Ø‡§Æ | 7 Ways to Make a Conversation With Anyone | Communication Skills,27-11-2020,348802,17294,0,412,Nov
161,‡§≤‡•ú‡§ï‡§ø‡§Ø‡•ã‡§Ç ‡§ï‡•ã ‡§∏‡§Æ‡§ù‡§®‡§æ ‡§∏‡•Ä‡§ñ‡•ã | The Way of The Superior Man by David Deida in Hindi | yebook,08-11-2020,310775,22097,0,598,Nov
162,Problems will not go anywhere. #shorts #youtubeshorts,04-11-2020,250994,15446,0,325,Nov
163,"6 ‡§ï‡§æ‡§Æ ‡§ï‡§∞‡•ã, ‡§π‡§∞ ‡§ï‡•ã‡§à ‡§á‡§ú‡•ç‡•õ‡§§ ‡§ï‡§∞‡•á‡§ó‡§æ | The Six Pillars of Self Esteem by Nathaniel Branden in Hindi | yeboo",01-11-2020,347051,28087,0,659,Nov
164,"‡§¨‡§æ‡§§ ‡§ï‡§∞‡•ã ‡§§‡•ã ‡§ê‡§∏‡•á, ‡§®‡§π‡•Ä‡§Ç ‡§§‡•ã ‡§ö‡•Å‡§™ ‡§∞‡§π‡•ã! COMMUNICATION SKILLS IN HINDI | HOW TO APPEAR SMART AND INTELLIGENT",25-10-2020,802798,67480,0,2230,Oct
165,‡§ï‡•ç‡§∞‡§ø‡§è‡§ü‡§ø‡§µ ‡§¨‡§®‡§®‡§æ ‡§∏‡•Ä‡§ñ‡•ã ‡§∏‡§ø‡§∞‡•ç‡§´ ‡§è‡§ï ‡§ö‡•Ä‡•õ ‡§ï‡•ã ‡§ï‡§æ‡§¨‡•Ç ‡§ï‡§∞‡§ï‡•á | Hyperfocus by Chris Bailey Summary in Hindi | Yebook,04-10-2020,249708,17343,0,1890,Oct
166,‡§Ø‡•á ‡§¶‡•á‡§ñ‡§®‡•á ‡§ï‡•á ‡§¨‡§æ‡§¶ ‡§Ü‡§™‡§ï‡§æ ‡§¶‡§ø‡§Æ‡§æ‡§ó ‡§™‡§π‡§≤‡•á ‡§ú‡•à‡§∏‡§æ ‡§®‡§π‡•Ä‡§Ç ‡§∞‡§π‡•á‡§ó‡§æ | After Watching This Your Brain Won't Remain Same,26-09-2020,183443,14572,0,566,Sep
167,‡§ú‡•ç‡§Ø‡§æ‡§¶‡§æ ‡§∏‡•ã‡§ö‡§®‡•á ‡§µ‡§æ‡§≤‡•á vs ‡§ï‡§Æ ‡§∏‡•ã‡§ö‡§®‡•á ‡§µ‡§æ‡§≤‡•á | How to Stop Mind's Overthinking Problem in Hindi | Yebook,16-09-2020,132188,10483,0,338,Sep
168,Extremely Powerful Speech for Success in Life in Hindi | yebook,10-09-2020,78568,6082,0,295,Sep
169,THE FOUR TENDENCIES BY GRETCHEN RUBIN SUMMARY IN HINDI by YEBOOK | PSYCHOLOGY VIDEO IN HINDI,06-09-2020,108968,8559,0,433,Sep
170,‡§™‡•ù‡§æ ‡§π‡•Å‡§Ü ‡§Ø‡§æ‡§¶ ‡§∞‡§ñ‡§®‡§æ ‡§∏‡•Ä‡§ñ‡•ã | 6 Amazing Ways to Remember Anything | Sharpen Your Mind and Boost Memory,16-08-2020,158156,14246,0,543,Aug
171,‡§ï‡§æ‡§Æ‡§Ø‡§æ‡§¨‡•Ä ‡§ï‡§æ Ultimate Formula! The 5-Hour Rule! üî•üî•üî• | Yebook,09-08-2020,697681,42453,0,909,Aug
172,4 ‡§ï‡§π‡§æ‡§®‡§ø‡§Ø‡§æ‡§Ç ‡§ú‡•ã ‡§Ü‡§™‡§ï‡•Ä ‡•õ‡§ø‡§®‡•ç‡§¶‡§ó‡•Ä ‡§¨‡§¶‡§≤ ‡§¶‡•á‡§Ç‡§ó‡•Ä | 4 Zen Stories That Will Change Your Life in Hindi | Yebook,26-07-2020,168918,17034,0,504,Jul
173,‡§ê‡§∏‡§æ ‡§π‡•ã‡§®‡§æ ‡§ö‡§æ‡§π‡§ø‡§è ATTITUDE! üî•üî•üî• ‡§ñ‡•Å‡§¶ ‡§ï‡•á ‡§¨‡§æ‡§∞‡•á ‡§Æ‡•á‡§Ç ‡§¨‡•Å‡§∞‡§æ ‡§∏‡•ã‡§ö‡§®‡•á ‡§µ‡§æ‡§≤‡•á ‡§Ø‡•á ‡§µ‡§ø‡§°‡§ø‡§Ø‡•ã ‡§¶‡•á‡§ñ‡•á‡§Ç | MOTIVATIONAL STORY,19-07-2020,868230,62210,0,1016,Jul
174,Jeff Bezos ‡§®‡•á ‡§¨‡§§‡§æ‡§Ø‡§æ ‡§®‡§ø‡§∞‡•ç‡§£‡§Ø ‡§≤‡•á‡§®‡•á ‡§ï‡§æ ‡§∏‡§π‡•Ä ‡§§‡§∞‡•Ä‡§ï‡§æ | How to Take Right Decisions Like Jeff Bezos in Hindi,17-07-2020,138011,8654,0,229,Jul
175,‡§¶‡§ø‡§Æ‡§æ‡§ó ‡§∂‡§æ‡§Ç‡§§ ‡§ï‡§∞‡§®‡•á ‡§ï‡•Ä ‡§ú‡§æ‡§™‡§æ‡§®‡•Ä ‡§§‡§ï‡§®‡•Ä‡§ï | Learn to Calm Your Mind by Jin Shin Jyutsu Technique | Yebook,12-07-2020,507162,39049,0,807,Jul
176,‡§∏‡§¨‡§∏‡•á ‡§§‡•á‡•õ ‡§¨‡§®‡§®‡•á ‡§ï‡•á ‡§≤‡§ø‡§è 12 ‡§∞‡•Ç‡§≤‡•ç‡§∏ ‡§Ø‡§æ‡§¶ ‡§∞‡§ñ‡•ã | 12 Life Changing Rules | BRAIN RULES by John Medina in Hindi,05-07-2020,545031,31328,0,567,Jul
177,‡§¨‡§æ‡§§ ‡§ï‡§∞‡§®‡•á ‡§ï‡§æ FORD METHOD | ‡§¨‡§æ‡§§‡•á‡§Ç ‡§®‡§ø‡§ï‡§≤‡§µ‡§æ‡§®‡•á ‡§ï‡•á 4 ‡§§‡§∞‡•Ä‡§ï‡•á | Psychological Tricks to Know More About Others,28-06-2020,297311,22614,0,501,Jun
178,‡§∏‡•Å‡§∂‡§æ‡§Ç‡§§ ‡§∏‡§ø‡§Ç‡§π ‡§ï‡•Ä ‡§∏‡§Æ‡§ù‡§¶‡§æ‡§∞‡•Ä ‡§≠‡§∞‡•Ä ‡§¨‡§æ‡§§‡•á‡§Ç ‡§∏‡•Å‡§® ‡§ï‡§∞ ‡§π‡•à‡§∞‡§æ‡§® ‡§∞‡§π ‡§ú‡§æ‡§ì‡§ó‡•á | Understated Wisdom Of Sushant Singh Rajput,21-06-2020,2353054,92839,0,3300,Jun
179,‡§Ö‡§™‡§®‡•Ä ‡•õ‡§ø‡§®‡•ç‡§¶‡§ó‡•Ä ‡§ï‡§æ ‡§π‡•Ä‡§∞‡•ã ‡§¨‡§®‡§®‡§æ ‡§∏‡•Ä‡§ñ‡•ã | An Eye Opening Motivational Video in Hindi | Yebook,19-06-2020,90318,7466,0,338,Jun
180,‡§Ö‡§™‡§®‡•Ä INSULT ‡§ï‡§æ ‡§ú‡§µ‡§æ‡§¨ ‡§¶‡•á‡§®‡§æ ‡§∏‡•Ä‡§ñ‡•ã | How to react when someone insults you? Dealing With Rude People,17-06-2020,664492,48012,0,1399,Jun
181,"‡§Ø‡•á ‡§≤‡•ã‡§ó ‡§Ü‡§™‡§ï‡•ã ‡§ó‡§∞‡•Ä‡§¨ ‡§∞‡§ñ‡§®‡§æ ‡§ö‡§æ‡§π‡§§‡•á ‡§π‡•à‡§Ç, ‡§ö‡•å‡§ï‡§æ‡§®‡•á ‡§µ‡§æ‡§≤‡§æ ‡§∏‡§ö! Shocking Interview of Robert Kiyosaki on Money",02-06-2020,608711,33041,0,795,Jun
182,‡§Ü‡§§‡•ç‡§Æ‡§®‡§ø‡§∞‡•ç‡§≠‡§∞ ‡§¨‡§®‡§®‡§æ ‡§∏‡•Ä‡§ñ‡•ã | Learn to Be Self Dependent and Self Reliant Yebook,24-05-2020,536138,50847,0,1290,May
183,"21 ‡§¶‡§ø‡§® ‡§§‡§ï ‡§ï‡§∞‡§ï‡•á ‡§¶‡•á‡§ñ‡•ã, ‡§™‡§π‡§≤‡•á ‡§ú‡•à‡§∏‡•á ‡§®‡§π‡•Ä‡§Ç ‡§∞‡§π‡•ã‡§ó‡•á | Try This for 21 Days | Amazing Way to Change Your Life",22-05-2020,3671468,188114,0,3755,May
184,"‡§Ø‡•á 10 ‡§Ü‡§¶‡§§‡•á‡§Ç ‡§¨‡§®‡§æ‡§§‡•Ä ‡§π‡•à‡§Ç ‡§ö‡§æ‡§≤‡§æ‡§ï | 10 Habits to Maximise Brain Power | Limitless by Jim Kwik, Brain Power",17-05-2020,430120,31269,0,513,May
185,‡§∏‡•ã‡§§‡•á ‡§π‡•Å‡§è ‡§∏‡§™‡§®‡•á ‡§¶‡•á‡§ñ‡§®‡§æ ‡§Ü‡§™‡§ï‡•Ä ‡•õ‡§ø‡§®‡•ç‡§¶‡§ó‡•Ä ‡§¨‡§¶‡§≤ ‡§∏‡§ï‡§§‡§æ ‡§π‡•à | Unbelievable Science of Dreams | ybk,13-05-2020,119437,7427,0,402,May
186,‡§Ø‡§π ‡§ï‡§ø‡§§‡§æ‡§¨ ‡§§‡•Å‡§Æ‡•ç‡§π‡•á ‡§§‡•Å‡§Æ‡•ç‡§π‡§æ‡§∞‡•Ä ‡§Ö‡§∏‡§≤‡§ø‡§Ø‡§§ ‡§¨‡§§‡§æ ‡§¶‡•á‡§ó‡•Ä | The Four Agreements by Don Miguel Ruiz in Hindi | yebook,10-05-2020,188770,20654,0,3421,May
187,‡§ï‡•å‡§µ‡•á ‡§ï‡•Ä ‡§§‡§∞‡§π ‡§∏‡•ã‡§ö‡§®‡•á ‡§µ‡§æ‡§≤‡•á ‡§≤‡•ã‡§ó | Never Think Like This Crow | Motivational Story in Hindi,07-05-2020,109384,9939,0,606,May
188,1PM ‡§∏‡•á 4PM ‡§ï‡•á ‡§¨‡•Ä‡§ö ‡§π‡•ã‡§§‡•Ä ‡§π‡•à ‡§ó‡§≤‡§§‡§ø‡§Ø‡§æ‡§Å | When by Daniel H Pink | Afternoon Slump | yebook,03-05-2020,175599,13351,0,375,May
189,‡§á‡§∏‡§≤‡§ø‡§è ‡§∏‡§ø‡§∞‡•ç‡§´ 1% ‡§ï‡§æ‡§Æ‡§Ø‡§æ‡§¨ ‡§π‡•ã‡§§‡•á ‡§π‡•à‡§Ç | Elon Musk's 5 Best Advises for Students | Advice to Youth | yebook,29-04-2020,130445,9251,0,284,Apr
190,PASSION ‡§¢‡•Ç‡§Å‡§¢‡§®‡•á ‡§ï‡§æ ‡§ú‡§æ‡§™‡§æ‡§®‡•Ä ‡§§‡§∞‡•Ä‡§ï‡§æ | Ikigai in Hindi | IKIGAI Summary | How to Find Passion in Hindi,26-04-2020,2064055,130130,0,2390,Apr
191,‡§Ü‡§™‡§ï‡•á ‡§¨‡§ø‡§∏‡•ç‡§§‡§∞ ‡§Æ‡•á‡§Ç ‡§õ‡§ø‡§™‡•Ä ‡§π‡•à ‡§ï‡§æ‡§Æ‡§Ø‡§æ‡§¨‡•Ä | Make Your Bed by Admiral William H McRaven | Motivational Story,22-04-2020,92887,7420,0,274,Apr
192,The 2 Minute Rule Will Quickly Change Your Life ‚Äì James Clear,19-04-2020,333412,25513,0,711,Apr
193,‡§∏‡§æ‡§¨‡§ø‡§§ ‡§π‡•ã ‡§ó‡§Ø‡§æ ‡§π‡§Æ ‡§ß‡•ã‡§ñ‡•á ‡§Æ‡•á‡§Ç ‡§•‡•á | We Were Living in an Illussion | Lockdown Motivational Video | yebook,17-04-2020,104772,10120,0,576,Apr
194,Man's Search For Meaning by Viktor Frank | ‡§Ø‡§π ‡§ö‡•Ä‡•õ ‡§ñ‡•ã ‡§¶‡•Ä ‡§§‡•ã ‡§∏‡§¨ ‡•ô‡§§‡•ç‡§Æ! | Never Loose One Thing in Life,12-04-2020,158410,12514,0,661,Apr
195,‡§ñ‡§æ‡§≤‡•Ä ‡§∏‡§Æ‡§Ø ‡§Æ‡•á‡§Ç ‡§Ø‡•á ‡§ö‡•Ä‡•õ ‡•õ‡§∞‡•Ç‡§∞ ‡§∏‡•Ä‡§ñ‡§®‡§æ | Must Learn This One Thing in Your Free Time | What to do Lockdown?,05-04-2020,219200,16255,0,462,Apr
196,‡§ê‡§∏‡•á ‡§™‡•à‡§¶‡§æ ‡§π‡•Å‡§Ü ‡§ï‡•ã‡§∞‡•ã‡§®‡§æ! SHOCKING UPDATE ABOUT HOW CORONAVIRUS CAME IN THE EXISTENCE,27-03-2020,62230,4312,0,225,Mar
197,MINDFUL ‡§¨‡§®‡§®‡§æ ‡§∏‡•Ä‡§ñ‡•ã | HOW TO BE MINDFUL IN HINDI | THE MIRACLE OF MINDFULNESS | YEBOOK,22-03-2020,170405,11157,0,311,Mar
198,‡§ú‡§æ‡§∏‡•Ç‡§∏‡•ã‡§Ç ‡§ï‡•Ä ‡§§‡§∞‡§π ‡§¶‡•ã‡§∏‡•ç‡§§‡•Ä ‡§ï‡§∞‡§®‡§æ ‡§∏‡•Ä‡§ñ‡•ã | Make Friends Like a Spy | The Like Switch by Jack Schafer | YEBOOK,08-03-2020,504386,28311,0,674,Mar
199,‡§Ö‡§™‡§®‡•Ä ‡§á‡§ú‡•ç‡§ú‡§§ ‡§ï‡§∞‡§µ‡§æ‡§®‡§æ ‡§∏‡•Ä‡§ñ‡•ã | Learn to Earn Respect From Others,01-03-2020,1355110,82463,0,1167,Mar
200,‡§Ø‡•á ‡§ï‡§∞‡§ï‡•á ‡§¶‡•á‡§ñ‡•ã ‡§ú‡§π‡§æ‡§Ç ‡§ú‡§æ‡§ì‡§ó‡•á ‡§á‡§ú‡•ç‡•õ‡§§ ‡§Æ‡§ø‡§≤‡•á‡§ó‡•Ä | 6 Extreme Communication Techniques Will Earn Respect For You,23-02-2020,534744,29764,0,505,Feb
201,‡§ö‡§æ‡§≤‡§æ‡§ï‡•Ä ‡§∏‡•á ‡§¨‡§æ‡§§ ‡§ï‡§∞‡§®‡§æ ‡§∏‡•Ä‡§ñ‡•ã | Communication Skills To Impress Anyone,16-02-2020,211537,13100,0,285,Feb
202,‡§Ø‡•á ‡§µ‡§ø‡§°‡§ø‡§ì Confident ‡§¨‡§®‡§æ ‡§¶‡•á‡§ó‡•Ä ‡§ö‡§æ‡§π‡•á ‡§ï‡§ø‡§§‡§®‡§æ ‡§π‡•Ä ‡§∂‡§∞‡§Æ‡§æ‡§§‡•á ‡§π‡•ã! ‡§´‡§ø‡§∞ ‡§∏‡§¨ ‡§∏‡•á ‡§ñ‡•Å‡§≤ ‡§ï‡§∞ ‡§¨‡§æ‡§§ ‡§ï‡§∞ ‡§∏‡§ï‡•ã‡§ó‡•á | Communication,09-02-2020,153189,12372,0,240,Feb
203,‡§ñ‡•Å‡§¶ ‡§ï‡•ã MOTIVATE ‡§ï‡§∞‡§®‡§æ ‡§∏‡•Ä‡§ñ‡•ã | Learn to Motivate Yourself | 10 Advices from Andrew Carnegie,26-01-2020,710953,39105,0,641,Jan
204,‡§∂‡§æ‡§®‡§¶‡§æ‡§∞ ATTITUDE ‡§¨‡§®‡§æ‡§®‡§æ ‡§∏‡•Ä‡§ñ‡•ã | Learn to Build a Great Attitude,12-01-2020,679194,52098,0,1254,Jan
205,‡§Ö‡§™‡§®‡§æ PASSION ‡§¢‡•Ç‡§Å‡§¢‡§®‡§æ ‡§∏‡•Ä‡§ñ‡•ã | LEARN TO FIND YOUR PASSION IN HINDI,02-01-2020,286385,16148,0,380,Jan
206,‡§Ö‡§™‡§®‡•á ‡§ñ‡§æ‡§≤‡•Ä ‡§∏‡§Æ‡§Ø ‡§ï‡§æ ‡§∏‡§π‡•Ä ‡§á‡§∏‡•ç‡§§‡•á‡§Æ‡§æ‡§≤ ‡§ï‡§∞‡§®‡§æ ‡§∏‡•Ä‡§ñ‡•ã | Do This 5 Things in Your Spare Time,15-12-2019,3389320,168732,0,2252,Dec
207,‡§Ö‡§™‡§®‡•Ä ‡§∏‡•ã‡§ö ‡§¨‡§¶‡§≤‡§®‡§æ ‡§∏‡•Ä‡§ñ‡•ã | LEARN TO CHANGE YOUR ATTITUDE AND GET SUCCESS | The Beginners by Kuldeep Singh,09-12-2019,358910,20882,0,386,Dec
208,‡§ï‡§æ‡§Æ‡§Ø‡§æ‡§¨ ‡§≤‡•ã‡§ó‡•ã‡§Ç ‡§ï‡•ã ‡§¶‡•ã‡§∏‡•ç‡§§ ‡§¨‡§®‡§æ‡§®‡§æ ‡§∏‡•Ä‡§ñ‡•ã | Learn to Befriends With Rich and Successful People üî•üî•üî•,24-11-2019,108719,6575,0,184,Nov
209,‡§Ö‡§ö‡•ç‡§õ‡•á ‡§≤‡•ã‡§ó‡•ã‡§Ç ‡§ï‡•á ‡§∏‡§æ‡§• ‡§∞‡§π‡§®‡§æ ‡§∏‡•Ä‡§ñ‡•ã | Steve Jobs ‡§ï‡•Ä ‡•õ‡§ø‡§®‡•ç‡§¶‡§ó‡•Ä ‡§∏‡•á 8 ‡§∏‡§¨‡§ï | 8 Lessons from Steve Jobs' Life üî•üî•,17-11-2019,367175,29821,0,556,Nov
210,‡§Ö‡§™‡§®‡§æ ‡§¶‡§ø‡§Æ‡§æ‡§ó ‡§ö‡§≤‡§æ‡§®‡§æ ‡§∏‡•Ä‡§ñ‡•ã | Learn to Use Your Brain Correctly | Yebook,03-11-2019,1900030,120860,0,1173,Nov
211,Breakup ‡§∏‡•á ‡§¨‡§ö‡§®‡•á ‡§ï‡•á ‡§§‡§∞‡•Ä‡§ï‡•á | How to Manage Relationships and Avoid Breakup? | Mindset by Carol Dweck,27-10-2019,89229,6489,0,293,Oct
212,‡§≤‡•ú‡§ï‡§ø‡§Ø‡•ã‡§Ç! ‡§á‡§® 3 ‡§≤‡•ú‡§ï‡•ã‡§Ç ‡§∏‡•á ‡§¶‡•Ç‡§∞ ‡§∞‡§π‡§®‡§æ | 4 TYPES OF MEN IN HINDI,22-09-2019,621942,37556,0,5576,Sep
213,‡§¨‡§ø‡§®‡§æ ‡§°‡§∞‡•á ‡§¨‡§æ‡§§ ‡§ï‡§∞‡§®‡§æ ‡§∏‡•Ä‡§ñ‡•ã | COMMUNICATION SKILLS FOR INTROVERTS IN HINDI | YEBOOK,04-09-2019,4488899,128259,0,1867,Sep
214,‡§§‡§Æ‡•Ä‡§ú ‡§∏‡•á ‡§¨‡§æ‡§§ ‡§ï‡§∞‡§®‡§æ ‡§∏‡•Ä‡§ñ‡•ã | 50 THINGS EVERY YOUNG GENTLEMAN SHOULD KNOW SUMMARY IN HINDI | COMMUNICATION,04-08-2019,2632011,83044,0,1790,Aug
215,STARTUP ‡§∂‡•Å‡§∞‡•Ç ‡§ï‡§∞‡§®‡§æ ‡§∏‡•Ä‡§ñ‡•ã | HOW TO LAUNCH A PRODUCT IN HINDI | THE LEAN STARTUP SUMMARY IN HINDI,28-07-2019,384631,17880,0,234,Jul
216,STOCK MARKET ‡§ï‡•ã ‡§∏‡§Æ‡§ù‡•ã  | UNDERSTAND SHARE MARKET |  SHARE MARKET IN HINDI | FREE DEMAT ACCOUNT,21-07-2019,2021430,84558,0,1218,Jul
217,‡§π‡§Æ‡§æ‡§∞‡•Ä ‡•õ‡§ø‡§®‡•ç‡§¶‡§ó‡•Ä ‡§ï‡§æ ‡§™‡§π‡§≤‡§æ ‡§∏‡§æ‡§≤ ‡§π‡§Æ‡•á‡§Ç ‡§¨‡§®‡§æ‡§§‡§æ ‡§π‡•à ‡§ï‡§æ‡§Æ‡§Ø‡§æ‡§¨ ‡§Ø‡§æ ‡§®‡§æ‡§ï‡§æ‡§Æ | BECOMING ATTACHED BY ROBERT KAREN IN HINDI,14-07-2019,56580,3631,0,127,Jul
218,‡§Ü‡§ñ‡§ø‡§∞‡•Ä ‡§ï‡§ø‡§§‡§æ‡§¨ ‡§ú‡•ã ‡§Ü‡§™‡§ï‡•Ä ‡•õ‡§ø‡§®‡•ç‡§¶‡§ó‡•Ä ‡§¨‡§¶‡§≤ ‡§¶‡•á | THE LAST BOOK FOR YOUR BEST LIFE BY PUSHKAR RAJ THAKUR,07-07-2019,319992,18893,0,390,Jul
219,‡§ö‡§æ‡§≤‡§æ‡§ï‡•Ä ‡§∏‡•á ‡§¨‡§æ‡§§ ‡§ï‡§∞‡§®‡§æ ‡§∏‡•Ä‡§ñ‡•ã | Advanced Communication Skills Techniques | How to Talk to Anyone by Leil,09-06-2019,14270099,388498,0,4751,Jun
220,5 ‡§¨‡§æ‡§§‡•á‡§Ç ‡§ú‡•ã ‡§∏‡•ç‡§ï‡•Ç‡§≤ ‡§®‡•á ‡§Ü‡§™‡§ï‡•ã ‡§®‡§π‡•Ä‡§Ç ‡§∏‡§ø‡§ñ‡§æ‡§à | 5 THINGS THAT SCHOOL DIDN'T TEACH YOU,02-06-2019,273444,17669,0,493,Jun
221,"‡§™‡•à‡§∏‡•ã‡§Ç ‡§ï‡•á ‡§≤‡§ø‡§è ‡§ï‡§æ‡§Æ ‡§Æ‡§§ ‡§ï‡§∞‡•ã, ‡§™‡•à‡§∏‡•ã‡§Ç ‡§∏‡•á ‡§ï‡§æ‡§Æ ‡§ï‡§∞‡§µ‡§æ‡§®‡§æ ‡§∏‡•Ä‡§ñ‡•ã | DON'T WORK FOR MONEY MAKE MONEY WORK FOR YOU.",15-05-2019,120945,6131,0,213,May
222,MOTIVATIONAL ‡§µ‡§ø‡§°‡§ø‡§Ø‡•ã ‡§ï‡§æ ‡§Ö‡§∏‡§∞ ‡§ï‡•ç‡§Ø‡•ã‡§Ç ‡§®‡§π‡•Ä‡§Ç ‡§∞‡§π‡§§‡§æ? | 3 WAYS TO MOTIVATE YOURSELF WITHOUT MOTIVATIONAL VIDEO,09-05-2019,71054,4269,0,214,May
223,‡§ï‡§ø‡§∏‡•Ä ‡§∏‡•á ‡§Æ‡§ø‡§≤‡•ã ‡§§‡•ã ‡§Ø‡•á ‡§¨‡§æ‡§§‡•á‡§Ç ‡§Ø‡§æ‡§¶ ‡§∞‡§ñ‡•ã | COMMUNICATION SKILLS FROM ‡§ö‡§æ‡§£‡§ï‡•ç‡§Ø ‡§®‡•Ä‡§§‡§ø | CHANAKYA NEETI IN HINDI,05-05-2019,4296314,170172,0,1910,May
224,POWER OF CONFIDENCE | HOW TO BE CONFIDENT? | 5 TIPS ON HOW TO INCREASE SELF CONCIDENCE IN HINDI?,29-04-2019,80410,5806,0,718,Apr
225,‡§Ø‡•á TRIANGLE ‡§Ö‡§ó‡§∞ FOLLOW ‡§®‡§π‡•Ä‡§Ç ‡§ï‡§∞‡•ã‡§ó‡•á ‡§§‡•ã ‡§ú‡§ó‡§π ‡§∞‡§π‡•ã‡§ó‡•á ‡§®‡§æ‡§ï‡§æ‡§Æ | MASLOW'S HIERARCHY OF NEEDS IN HINDI,24-04-2019,128185,8274,0,304,Apr
226,‡§¨‡•á‡§¨‡•Ä‡§≤‡•ã‡§® ‡§ï‡•á ‡§∏‡§¨‡§∏‡•á ‡§Ö‡§Æ‡•Ä‡§∞ ‡§Ü‡§¶‡§Æ‡•Ä ‡§ï‡•Ä ‡§Ö‡§Æ‡•Ä‡§∞‡•Ä ‡§ï‡§æ ‡§∞‡§æ‡•õ | THE RICHEST MAN IN BABYLON IN HINDI,16-04-2019,152374,9595,0,221,Apr
227,HOW TO DEAL WITH HATERS? (HINDI) | 6 THINGS YOU SHOULD KNOW ABOUT YOUR HATERS,10-04-2019,76003,6874,0,501,Apr
228,KAASH MUJHE PAHLE PATA HOTA | MOTIVATIONAL STORY IN HINDI | YEBOOK,25-03-2019,118189,8943,0,512,Mar
229,‡§ï‡§æ‡§Æ‡§Ø‡§æ‡§¨ ‡§≤‡•ã‡§ó‡•ã‡§Ç ‡§ï‡•Ä ‡§∏‡•Å‡§¨‡§π ‡§ï‡•Ä 4 ‡§Ü‡§¶‡§§‡•á‡§Ç | THE 5 AM CLUB BY ROBIN SHARMA | PERSONALITY DEVELOPMENT IN HINDI,20-03-2019,256016,19095,0,730,Mar
230,MORNING HABITS OF THE BEST PEOPLE IN THE WORLD | THE 5AM CLUB IN HINDI | 20/20/20 RULE FROM 5AM CLUB,13-03-2019,134442,10430,0,305,Mar
231,‡§Ø‡•á 6 ‡§¨‡§æ‡§§‡•á‡§Ç ‡§Ü‡§™ ‡§ï‡•ã 20 ‡§ï‡•Ä ‡§â‡§Æ‡•ç‡§∞ ‡§∏‡•á ‡§™‡§π‡§≤‡•á ‡§™‡§§‡§æ ‡§π‡•ã‡§®‡•Ä ‡§ö‡§æ‡§π‡§ø‡§è | 6 THINGS YOU SHOULD KNOW BEFORE YOU ARE 20,05-03-2019,776187,54664,0,967,Mar
232,LOVE AND SUCCESS | MOTIVATIONAL STORY IN HINDI,24-02-2019,154332,7621,0,240,Feb
233,‡§Ö‡§∏‡§´‡§≤ ‡§≤‡•ã‡§ó‡•ã‡§Ç ‡§ï‡•Ä ‡§è‡§ï ‡§ó‡§≤‡§§‡•Ä ‡§ú‡•ã 95% ‡§≤‡•ã‡§ó ‡§ï‡§∞‡§§‡•á ‡§π‡•à‡§Ç | TIME MANAGEMENT FORMULA,11-02-2019,142851,12506,0,2692,Feb
234,A FATHER AND A SON | MOTIVATIONAL STORY IN HINDI,22-01-2019,6320536,137192,0,3606,Jan
235,‡§¨‡§ø‡§®‡§æ TOP ‡§ï‡§ø‡§Ø‡•á ‡§∏‡§´‡§≤ ‡§π‡•ã‡§®‡§æ ‡§π‡•à ‡§§‡•ã ‡§¶‡•á‡§ñ‡•ã ‡§Ø‡•á ‡§µ‡§ø‡§°‡§ø‡§Ø‡•ã | TOPPERS VS AVERAGE,18-01-2019,312392,35613,0,1955,Jan
236,3 ‡§§‡§∞‡•Ä‡§ï‡•ã‡§Ç ‡§∏‡•á ‡§Ü‡§™ ‡§ï‡•ã ‡§¨‡•á‡§µ‡§ï‡•Ç‡§´ ‡§¨‡§®‡§æ‡§Ø‡§æ ‡§ú‡§æ ‡§∞‡§π‡§æ ‡§π‡•à | 3 TRICKS TO MANIPULATE PEOPLE | YEBOOK,10-01-2019,381128,29914,0,774,Jan
237,‡§Ö‡§ö‡•ç‡§õ‡•á ‡§≤‡•ã‡§ó‡•ã‡§Ç ‡§ï‡•á ‡§∏‡§æ‡§• ‡§¨‡•Å‡§∞‡§æ ‡§ï‡•ç‡§Ø‡•ã‡§Ç ‡§π‡•ã‡§§‡§æ ‡§π‡•à ? THE LUCK FACTOR IN HINDI BY YEBOOK,29-12-2018,85430,7623,0,324,Dec
238,THE ACHIEVEMENT HABIT IN HINDI,24-12-2018,100563,9131,0,350,Dec
239,6 SHOCKING BRAIN DAMAGING HABITS (HINDI) ‡§¶‡§ø‡§Æ‡§æ‡§ó ‡§ï‡§Æ‡•õ‡•ã‡§∞ ‡§ï‡§∞‡§®‡•á ‡§µ‡§æ‡§≤‡•Ä 6 ‡§ö‡•å‡§ï‡§æ‡§®‡•á ‡§µ‡§æ‡§≤‡•Ä ‡§Ü‡§¶‡§§‡•á‡§Ç | BRAIN POWER,13-12-2018,1186408,52493,0,1571,Dec
240,‡§ó‡§∞‡•Ä‡§¨‡•ã‡§Ç ‡§ï‡•Ä 3 ‡§Ü‡§¶‡§§‡•ã‡§Ç ‡§∏‡•á ‡§Ü‡§™ ‡§ï‡•ã ‡§π‡§Æ‡•á‡§∂‡§æ ‡§¨‡§ö‡§®‡§æ ‡§ö‡§æ‡§π‡§ø‡§è | 3 HABITS OF POOR THAT RICH DON'T HAVE RICH & POOR,01-11-2018,642583,45695,0,6407,Nov
241,Khud Ko Samajhna Seekho | Emotional Intelligence by Daniel Goleman in Hindi,26-09-2018,550963,30011,0,1418,Sep
242,‡§ó‡§∞‡•Ä‡§¨ VS ‡§Ö‡§Æ‡•Ä‡§∞| 5 MAIN DIFFERENCE BETWEEN RICH AND POOR | THIS WILL CHANGE YOUR LIFE COMPLETELY,07-09-2018,3800829,218295,0,6936,Sep
243,6 LIFE LESSONS FROM BEST BOOKS IN HINDI,03-08-2018,198237,10802,0,1315,Aug
244,COMMUNICATION SKILLS ‡§ï‡•Ä ‡§á‡§® TECHNIQUES ‡§∏‡•á ‡§¨‡§ø‡§≤‡§ï‡•Å‡§≤ ‡§¨‡§¶‡§≤ ‡§ú‡§æ‡§ì‡§ó‡•á | HOW TO OVERCOME SHYNESS,21-07-2018,4090560,100929,0,2431,Jul
245,4 PROBLEMS YOU WON'T BELIEVE CAN MAKE YOU VERY RICH | 4 ‡§∏‡§Æ‡§∏‡•ç‡§Ø‡§æ‡§è‡§Å ‡§ú‡•ã ‡§Ü‡§™ ‡§ï‡•ã ‡§¨‡§®‡§æ ‡§∏‡§ï‡§§‡•Ä ‡§π‡•à‡§Ç ‡§¨‡§π‡•Å‡§§ ‡§Ö‡§Æ‡•Ä‡§∞,14-07-2018,198512,17009,0,508,Jul
246,ONE HABIT OF DHIRUBHAI AMBANI | ‡§Ü‡§Æ ‡§≤‡•ã‡§ó‡•ã‡§Ç ‡§∏‡•á ‡§Ö‡§≤‡§ó ‡§¨‡§®‡§æ‡§®‡•á ‡§µ‡§æ‡§≤‡•Ä ‡§è‡§ï ‡§Ü‡§¶‡§§ | MOTIVATIONAL SUCCESS STORY,29-06-2018,1249581,37627,0,643,Jun
247,6 HABITS OF UNSUCCESSFUL PEOPLE | ‡§Ö‡§∏‡§´‡§≤ ‡§≤‡•ã‡§ó‡•ã‡§Ç ‡§ï‡•Ä 6 ‡§Ü‡§¶‡§§‡•á‡§Ç ‡§ú‡•ã ‡§∏‡§´‡§≤ ‡§≤‡•ã‡§ó‡•ã‡§Ç ‡§Æ‡•á‡§Ç ‡§®‡§π‡•Ä‡§Ç ‡§π‡•ã‡§§‡•Ä,26-05-2018,3156443,241679,0,4738,May
248,‡§Ø‡•á 5 ‡§¨‡§æ‡§§‡•á‡§Ç ‡§Ü‡§™ ‡§ï‡•ã ‡§¨‡•ú‡§æ ‡§¨‡§®‡§æ ‡§∏‡§ï‡§§‡•Ä ‡§π‡•à‡§Ç | SANDEEP MAHESHWARI BUSINESS MODEL AND CANDY CRUSH REVENUE MODEL,30-04-2018,226283,11304,0,304,Apr
249,‡§ï‡§æ‡§Æ‡§Ø‡§æ‡§¨ VS ‡§®‡§æ‡§ï‡§æ‡§Æ | EFFECTS OF READING 10 PAGES | THE SLIGHT EDGE IN HINDI,31-03-2018,127889,7449,0,490,Mar
250,THE 48 LAWS OF POWER IN HINDI | HOW TO BECOME A POWERFUL PERSON | HOW POLITICIANS FOOL THE PEOPLE,17-03-2018,449149,37470,0,1714,Mar
251,‡§∏‡§π‡•Ä MINDSET ‡§¨‡§®‡§æ‡§®‡§æ ‡§∏‡•Ä‡§ñ‡•ã | MINDSET BY CAROL DWECK,24-02-2018,554406,32295,0,1238,Feb
252,READ MIND OF ANYONE | LEARN WHAT EVERYBODY IS THINKING | ‡§á‡§® TECHNIQUES ‡§∏‡•á ‡§ú‡§æ‡§®‡•ã ‡§ï‡§ø‡§∏‡•Ä ‡§ï‡•á ‡§≠‡•Ä ‡§Æ‡§® ‡§ï‡•Ä ‡§¨‡§æ‡§§,14-02-2018,485342,26943,0,474,Feb
253,"WHY DO PEOPLE GET MARRIED? ‡§∂‡§æ‡§¶‡•Ä ‡§î‡§∞ ONLINE DATING ‡§ï‡•á ‡§¨‡§æ‡§∞‡•á ‡§Æ‡•á‡§Ç ‡§∏‡§¨ ‡§ï‡•Å‡§õ, MODERN ROMANCE BY AZIZ ANSARI",13-01-2018,1670186,34570,0,1236,Jan
254,"6 HABITS OF RICH PEOPLE | ‡§Ö‡§Æ‡•Ä‡§∞‡•ã‡§Ç ‡§ï‡•Ä 6 ‡§Ü‡§¶‡§§‡•á‡§Ç ‡§ú‡•ã ‡§ó‡§∞‡•Ä‡§¨‡•ã‡§Ç ‡§Æ‡•á‡§Ç ‡§®‡§π‡•Ä‡§Ç ‡§π‡•ã‡§§‡•Ä, SUCCESS HABITS IN HINDI",28-12-2017,3670991,126920,0,19433,Dec
255,HOW TO STOP WORRYING AND START LIVING | 2 SIMPLE TECHNIQUES TO SOLVE ALL PROBLEMS AND LIVE HAPPY,19-12-2017,599508,33312,0,776,Dec
256,‡§á‡§∏ ‡§è‡§ï ‡§Ü‡§¶‡§§ ‡§∏‡•á ‡§∏‡§æ‡§∞‡•á ‡§ï‡§æ‡§Æ ‡§π‡•ã‡§Ç‡§ó‡•á ‡§ú‡§≤‡•ç‡§¶‡•Ä | THE POMODORO TECHNIQUE | ONE HABIT FOR TIME MANAGEMENT IN HINDI,04-12-2017,333431,20681,0,498,Dec
257,7 SIGNS THAT SHOWS YOU'RE GENIUS,13-11-2017,2903622,79778,0,12357,Nov
258,BUSINESS IDEAS ‡§¢‡•Ç‡§Å‡§¢‡§®‡•á ‡§ï‡§æ ‡§¨‡•á‡§∏‡•ç‡§ü ‡§§‡§∞‡•Ä‡§ï‡§æ | HOW TO FIND BUSINESS IDEAS IN HINDI | YEBOOK,31-10-2017,739873,25508,0,550,Oct
259,‡§∏‡•ã‡§®‡•á ‡§∏‡•á ‡§™‡§π‡§≤‡•á ‡§Ø‡§π ‡§ï‡§∞‡•á‡§Ç | The Power of Subconscious Mind,10-10-2017,1583532,53271,0,1780,Oct
260,‡§ó‡§∞‡•Ä‡§¨ vs ‡§Ö‡§Æ‡•Ä‡§∞ | 7 THINGS THAT WILL CHANGE YOUR LIFE COMPLETELY | 7 THINGS POOR DO BUT RICH DON'T,21-09-2017,15298452,432653,0,13287,Sep
261,‡§á‡§∏‡§∏‡•á ‡§™‡§π‡§≤‡•á ‡§ï‡§ø ‡§Ü‡§™ ‡§¨‡•Ç‡•ù‡•á ‡§π‡•ã ‡§ú‡§æ‡§ì ‡§Ø‡•á ‡§ï‡§æ‡§Æ ‡•õ‡§∞‡•Ç‡§∞ ‡§ï‡§∞ ‡§≤‡•á‡§®‡§æ DO THIS BEFORE YOU GET OLD | HINDI STORY WITH MORAL,15-09-2017,632494,22700,0,541,Sep
262,‡§≤‡•ã‡§ó‡•ã‡§Ç ‡§ï‡•Ä ‡§™‡§∏‡§Ç‡§¶ ‡§¨‡§®‡§®‡§æ ‡§π‡•à? ‡§§‡•ã ‡§Ø‡•á ‡§ï‡§∞‡•ã | ‡§Ø‡•á TECHNIQUES ‡§π‡•à‡§Ç ‡•õ‡§∞‡•Ç‡§∞‡•Ä | SELF DEVELOPMENT IN HINDI,31-08-2017,8350609,172211,0,5165,Aug
263,‡§Ø‡•á 5 ‡§Ü‡§¶‡§§‡•á‡§Ç ‡§Ü‡§™‡§ï‡•ã ‡§¨‡§∞‡•ç‡§¨‡§æ‡§¶ ‡§ï‡§∞ ‡§¶‡•á‡§ó‡•Ä 5 HABITS THAT WILL RUIN YOUR LIFE ! YEBOOK,24-08-2017,3469364,106196,0,3765,Aug
264,COMMUNICATION SKILLS ‡§ï‡•Ä ‡§á‡§® TECHNIQUES ‡§∏‡•á ‡§¨‡§ø‡§≤‡§ï‡•Å‡§≤ ‡§¨‡§¶‡§≤ ‡§ú‡§æ‡§ì‡§ó‡•á | HOW TO IMPROVE COMMUNICATION SKILLS,05-08-2017,16795807,609232,0,7187,Aug
265,5 Habits of Mentally Strong People in Hindi | HOW TO BE MENTALLY STRONG | 13 THINGS MENTALLY STRONG,27-07-2017,490464,18768,0,805,Jul
266,‡§Ö‡§Æ‡•Ä‡§∞ ‡§ï‡§ø‡§∏ ‡§∞‡§æ‡§∏‡•ç‡§§‡•á ‡§™‡§∞ ‡§ö‡§≤‡§§‡•á ‡§π‡•à‡§Ç ? HOW TO MAKE MONEY | HOW TO BE A MILLIONAIRE | (IN HINDI) YEBOOK #36,09-07-2017,707351,23937,0,876,Jul
267,"‡§ï‡§ø‡§∏‡•Ä ‡§≠‡•Ä ‡§Ö‡§ú‡§®‡§¨‡•Ä ‡§∏‡•á ‡§¨‡§æ‡§§ ‡§ï‡•à‡§∏‡•á ‡§∂‡•Å‡§∞‡•Ç ‡§ï‡§∞‡•á‡§Ç?  HOW TO TALK TO ANYONE YOU LIKE, SOCIAL SKILLS HINDI YEBOOK #35",26-06-2017,4359336,149316,0,1295,Jun
268,5 ‡§ú‡§æ‡§¶‡•Ç‡§à ‡§¨‡§æ‡§§‡•á‡§Ç ‡§ú‡•ã ‡§Ü‡§™‡§ï‡•ã ‡§ï‡§π‡§®‡§æ ‡§ö‡§æ‡§π‡§ø‡§è ‡§≤‡•á‡§ï‡§ø‡§® ‡§ï‡§π‡§§‡•á ‡§®‡§π‡•Ä‡§Ç | 5 MAGICAL PHRASES FOR POSITIVE PEOPLE YEBOOK #34,09-06-2017,4220511,108586,0,1909,Jun
269,60 SECONDS FORMULA FOR SUCCESSFUL JOB INTERVIEW | ONLINE JOBS OR OFFLINE JOBS BE IT ANY | YEBOOK #33,27-05-2017,86228,4101,0,115,May
270,"HOW TO BE SMART AND THINK POSITIVE, SLOW AND LONG-TERM? GET SMART BY BRIAN TRACY IN HINDI YEBOOK #32",19-05-2017,503411,23832,0,446,May
271,HOW TO BE SMART AND THINK CREATIVELY? GET SMART BY BRIAN TRACY IN HINDI | YEBOOK #31,12-05-2017,1956110,79641,0,1260,May
272,‡§Ö‡§µ‡§ö‡•á‡§§‡§® ‡§Æ‡§® ‡§ï‡•Ä ‡§π‡•à‡§∞‡§§‡§Ö‡§Ç‡§ó‡•á‡§ú ‡§∂‡§ï‡•ç‡§§‡§ø‡§Ø‡§æ‡§Ç | THE POWER OF SUBCONSCIOUS MIND | how subconscious mind works,26-04-2017,1463353,59308,0,2829,Apr
273,HOW TO MAKE ANYONE YOUR FRIEND | HOW TO WIN FRIENDS AND INFLUENCE PEOPLE | YEBOOK #29,15-04-2017,2436445,75346,0,1704,Apr
274,‡§ï‡§ø‡§∏‡•Ä ‡§ï‡•ã ‡§≠‡•Ä ‡§¶‡•ã‡§∏‡•ç‡§§ ‡§¨‡§®‡§æ‡§®‡§æ ‡§∏‡•Ä‡§ñ‡•ã | HOW TO WIN FRIENDS AND INFLUENCE PEOPLE BY DALE CARNEGIE,08-04-2017,1668834,63116,0,1240,Apr
275,5 ‡§ï‡§æ‡§Æ ‡§ú‡•ã ‡§π‡§∞ ‡§ï‡§æ‡§Æ‡§Ø‡§æ‡§¨ ‡§á‡§Ç‡§∏‡§æ‡§® ‡§ï‡§∞‡§§‡§æ ‡§π‡•à | 100 THINGS SUCCESSFUL PEOPLE DO BY NIGEL CUMBERLAND | YEBOOK,28-03-2017,437636,16713,0,621,Mar
276,HOW TO WAKE UP EARLY? HOW TO BUILD GOOD HABITS? HOW TO QUIT BAD HABITS? MINI HABITS | YEBOOK #26,21-03-2017,774059,41060,0,818,Mar
277,‡§Æ‡•å‡§§ ‡§ï‡•á ‡§∏‡§Æ‡§Ø ‡§≤‡•ã‡§ó‡•ã‡§Ç ‡§ï‡•ã ‡§ï‡§ø‡§® ‡§¨‡§æ‡§§‡•ã‡§Ç ‡§ï‡§æ ‡§Ö‡•û‡§∏‡•ã‡§∏ ‡§π‡•ã‡§§‡§æ ‡§π‡•à? 5 REGRETS OF THE DYING BY BRONNIE WARE | YEBOOK #25,13-03-2017,145895,7462,0,402,Mar
278,HOW TO GET MASSIVE SUCCESS BY BUILDING FRIENDSHIPS | THE MAGIC OF THINKING BIG | YEBOOK #24,09-03-2017,79522,4527,0,147,Mar
279,HOW TO DEAL WITH HATERS | IMPRESS BOSS | BECOME POWERFUL | THE 48 LAWS OF POWER IN HINDI YEBOOK #23,27-02-2017,324131,20764,0,361,Feb
280,"HOW TO THINK AND TAKE RIGHT DECISIONS, THE POWER OF THINKING TWICE BY LESS PARROT | YEBOOK #22",14-02-2017,533970,32803,0,627,Feb
281,HOW TO ATTRACT PEOPLE IN JUST 90 SECONDS | HOW TO ATTRACT GIRLS | COMMUNICATION SKILLS IN HINDI,07-02-2017,4443624,225670,0,1861,Feb
282,"HOW TO THINK CREATIVELY, BOOST MEMORY | UNLIMITED POWER BY TONY ROBBINS | YEBOOK #19",23-01-2017,108271,6443,0,126,Jan
283,‡§∏‡•Å‡§¨‡§π ‡§Ö‡§ó‡§∞ ‡§Ü‡§™ ‡§≠‡•Ä ‡§ï‡§∞‡§§‡•á ‡§π‡•ã ‡§Ø‡•á ‡§ï‡§æ‡§Æ ‡§§‡•ã ‡§π‡•ã ‡§ú‡§æ‡§á‡§è ‡§∏‡§æ‡§µ‡§ß‡§æ‡§® |  THE DANGERS OF SNOOZING | YEBOOK #18,09-01-2017,248804,18172,0,295,Jan
284,‡§™‡§π‡§≤‡•á ‡§ú‡•à‡§∏‡•á ‡§®‡§π‡•Ä‡§Ç ‡§∞‡§π‡•ã‡§ó‡•á ‡§Ö‡§ó‡§∞ ‡§∏‡•Å‡§¨‡§π ‡§ï‡§∞‡•ã‡§ó‡•á ‡§Ø‡•á 6 ‡§ï‡§æ‡§Æ  | 6 MORNING HABITS | THE MIRACLE MORNING BY HAL ELROD,03-01-2017,5079160,208428,0,1995,Jan
285,NEW YEAR NEW LIFE | YEBOOK #16,31-12-2016,35766,1399,0,51,Dec
286,Funny Videos Live Stream,19-12-2016,0,0,0,0,Dec
287,THE INTELLIGENT INVESTOR | HOW TO INVEST IN STOCK MARKET | YEBOOK #15,18-12-2016,254157,9204,0,152,Dec
288,WHY THINGS GO VIRAL? (HINDI) CONTAGIOUS : WHY THINGS CATCH ON BY JONAH BERGER | YEBOOK #14,03-12-2016,70278,3592,0,102,Dec
289,‡§ê‡§∏‡§æ ‡§π‡•ã‡§§‡§æ ‡§π‡•à ‡§Ö‡§∏‡§≤‡•Ä ‡§Æ‡§∞‡•ç‡§¶ ‡§ï‡§æ ATTITUDE | LEARNED OPTIMISM BY MARTIN SELIGMAN | YEBOOK #13,26-11-2016,159975,8674,0,370,Nov
290,HOW TO INCREASE WILLPOWER (HINDI) WILLPOWER BY ROY BAUMEISTER & JOHN TIERNEY | YEBOOK #12,11-11-2016,310904,11059,0,193,Nov
291,HOW TO BE MENTALLY STRONG HINDI - 13 THINGS MENTALLY STRONG PEOPLE DON'T DO BY AMY MORIN YEBOOK #11,03-11-2016,870877,33353,0,528,Nov
292,THE MAGIC OF THINKING BIG BY DAVID J SCHWARTZ (HINDI) - ANIMATED BOOK REVIEW - YEBOOK #10,17-10-2016,450200,15101,0,360,Oct
293,ACHIEVE ANYTHING IN LIFE BY VERY LITTLE ACTIONS | BECOME SUCCESSFUL | THE COMPOUND EFFECT YEBOOK #9,08-09-2016,312220,10787,0,257,Sep
294,6 STEPS TOWARDS PEACEFUL LIFE (HINDI) - BY ADI GURU DAS - | YEBOOK #8,26-07-2016,93081,2938,0,83,Jul
295,THINK AND GROW RICH ANIMATED BOOK (HINDI) | YEBOOK #7,08-05-2016,249130,8277,0,317,May
296,8 SIMPLE WAYS TO MAXIMISE BRAIN POWER | ‡§¶‡§ø‡§Æ‡§æ‡§ó ‡§§‡•á‡§ú‡§º ‡§ï‡•à‡§∏‡•á ‡§ï‡§∞‡•á‡§Ç | ‡§¶‡§ø‡§Æ‡§æ‡§ó ‡§§‡•á‡§ú ‡§ï‡§∞‡§®‡•á ‡§ï‡•á ‡§§‡§∞‡•Ä‡§ï‡•á,16-04-2016,2040440,25657,0,510,Apr
297,RICH DAD POOR DAD BY ROBERT KIYOSAKI (HINDI) IDEA #4,01-04-2016,230040,4975,0,236,Apr
298,TIME MANAGEMENT AT WORK PLACE (HINDI) | YEBOOK #4,23-03-2016,102972,2689,0,52,Mar
299,HOW TO BUILD READING HABIT IN YOUR CHILD (HINDI) IDEA #2,16-03-2016,84699,2138,0,46,Mar
300,WHAT IS A SUCCESSFUL LIFE? (HINDI) | YEBOOK #2,13-03-2016,104216,2816,0,97,Mar
